"player","position","team","playerId","birthdate","points","lower","upper","sdPts","positionRank","dropoff","tier","vor","overallRank","adp","aav","adpDiff","exp","ecrPosition","sdRank","ecrRank","risk"
"Todd Gurley","RB","LAR",2552475,1994-08-03,371.125,371.125,371.125,,1,14.95,1,213.483333333333,1,1.63666666666667,45.275,-0.636666666666666,3,,,,
"David Johnson","RB","ARI",2553435,1991-12-16,364.35,364.35,364.35,,2,33.2375,1,206.708333333333,2,4.3475,46.4566666666667,-2.3475,3,,,,
"LeVeon Bell","RB","PIT",2540175,1992-02-18,348,348,348,,3,41.3125,0,190.358333333333,3,2.3525,49.9566666666667,0.6475,5,,,,
"Alvin Kamara","RB","NO",2558019,1996-06-25,314.225,314.225,314.225,,4,25.7125,0,156.583333333333,4,6.72,43.65,-2.72,1,,,,
"Antonio Brown","WR","PIT",2508061,1988-07-10,331.75,331.75,331.75,,1,12.8125,1,142.166666666667,5,5.585,47.0966666666667,-0.585,8,,,,
"Ezekiel Elliott","RB","DAL",2555224,1995-07-22,299.15,299.15,299.15,,5,22.8,0,141.508333333333,6,3.6625,49.6466666666667,2.3375,2,,,,
"Julio Jones","WR","ATL",2495454,1989-02-03,321.625,321.625,321.625,,2,10.0125,1,132.041666666667,7,10.532,37.8733333333333,-3.532,7,,,,
"Rob Gronkowski","TE","NE",497240,1989-05-14,277.5,277.5,277.5,,1,38.6875,1,127.75,8,17.684,25.67,-9.684,8,,,,
"DeAndre Hopkins","WR","HOU",2540165,1992-06-06,316.25,316.25,316.25,,3,19.0125,1,126.666666666667,9,7.036,41.7033333333333,1.964,5,,,,
"Kareem Hunt","RB","KC",2557917,1995-08-06,277.875,277.875,277.875,,6,6.95000000000005,0,120.233333333333,10,11.1825,39.0766666666667,-1.1825,1,,,,
"Odell Beckham","WR","NYG",2543496,1992-11-05,306.975,306.975,306.975,,4,23.35,1,117.391666666667,11,8.368,39.92,2.632,4,,,,
"Melvin Gordon","RB","LAC",2552469,1993-04-13,274.825,274.825,274.825,,7,13.9375,0,117.183333333333,12,9.528,36.7333333333333,2.472,3,,,,
"Travis Kelce","TE","KC",2540258,1989-10-05,261,261,261,,2,62.625,1,111.25,13,28.605,21.5766666666667,-15.605,5,,,,
"Dalvin Cook","RB","MIN",2557991,1995-08-10,267.025,267.025,267.025,,8,12.4875,0,109.383333333333,14,14.22,35.2166666666667,-0.220000000000001,1,,,,
"Michael Thomas","WR","NO",2556370,1993-03-03,287.5,287.5,287.5,,5,9.25,1,97.9166666666667,15,11.86,33.5633333333333,3.14,2,,,,
"Saquon Barkley","RB","NYG",2560968,1997-02-07,254.75,254.75,254.75,,9,4.67500000000001,0,97.1083333333333,16,7.0925,47.45,8.9075,0,,,,
"Christian McCaffrey","RB","CAR",2557997,1996-06-07,254.325,254.325,254.325,,10,9.09999999999999,0,96.6833333333333,17,16.246,27.1,0.754000000000001,1,,,,
"Aaron Rodgers","QB","GB",2506363,1983-12-02,347.82,347.82,347.82,,1,39.52,1,95.4533333333333,18,30.1125,19.9766666666667,-12.1125,13,,,,
"Davante Adams","WR","GB",2543495,1992-12-24,279.75,279.75,279.75,,6,10.375,0,90.1666666666667,19,20.7075,28.4566666666667,-1.7075,4,,,,
"Devonta Freeman","RB","ATL",2543583,1992-03-15,245.825,245.825,245.825,,11,2.46249999999998,0,88.1833333333333,20,17.698,27.6233333333333,2.302,4,,,,
"Keenan Allen","WR","LAC",2540154,1992-04-27,276.75,276.75,276.75,,7,18.125,0,87.1666666666667,21,12.89,33.4966666666667,8.11,5,,,,
"Joe Mixon","RB","CIN",2557976,1996-07-24,244.625,244.625,244.625,,12,3.96249999999998,0,86.9833333333333,22,25.212,15.58,-3.212,1,,,,
"Jerick McKinnon","RB","SF",2543715,1992-05-03,242.1,242.1,242.1,,13,14.7,0,84.4583333333334,23,22.48,21.34,0.52,4,,,,
"Leonard Fournette","RB","JAC",2557973,1995-01-18,239.225,239.225,239.225,,14,27.5875,0,81.5833333333334,24,9.055,39.6466666666667,14.945,1,,,,
"A.J. Green","WR","CIN",2495450,1988-07-31,262,262,262,,8,7.11250000000001,0,72.4166666666667,25,21.025,30.0033333333333,3.975,7,,,,
"Zach Ertz","TE","PHI",2540158,1990-11-10,216.625,216.625,216.625,,3,36.8125,0,66.875,26,28.04,16.4366666666667,-2.04,5,,,,
"Mike Evans","WR","TB",2543468,1993-08-21,255.25,255.25,255.25,,9,1.61250000000001,0,65.6666666666667,27,19.346,29.7533333333333,7.654,4,,,,
"Golden Tate","WR","DET",497326,1988-08-02,254.525,254.525,254.525,,10,2.33750000000001,0,64.9416666666667,28,39.402,8.48333333333333,-11.402,8,,,,
"Doug Baldwin","WR","SEA",2530747,1988-09-21,252.75,252.75,252.75,,11,1.3125,0,63.1666666666667,29,28.036,18.34,0.963999999999999,7,,,,
"Larry Fitzgerald","WR","ARI",2506106,1983-08-31,251.625,251.625,251.625,,12,4.5625,0,62.0416666666667,30,29.328,21.34,0.672000000000001,14,,,,
"Russell Wilson","QB","SEA",2532975,1988-11-29,314.4,314.4,314.4,,2,17.4,1,62.0333333333334,31,42.836,11.2466666666667,-11.836,6,,,,
"Amari Cooper","WR","OAK",2552487,1994-06-18,251.25,251.25,251.25,,13,9.25,0,61.6666666666667,32,33.962,9.40333333333333,-1.962,3,,,,
"Derrius Guice","RB","WAS",2561000,1997-06-21,215.575,215.575,215.575,,15,8.79999999999998,0,57.9333333333333,33,35.008,13.1266666666667,-2.008,0,,,,
"Demaryius Thomas","WR","DEN",497328,1987-12-25,242.875,242.875,242.875,,14,4.3125,0,53.2916666666667,34,44.94,14.73,-10.94,8,,,,
"Tyreek Hill","WR","KC",2556214,1994-03-01,241.125,241.125,241.125,,15,5.3125,0,51.5416666666667,35,32.2375,22.5733333333333,2.7625,2,,,,
"Jay Ajayi","RB","PHI",2552582,1993-06-15,207.7,207.7,207.7,,16,4.77499999999998,0,50.0583333333333,36,49.775,8.12,-13.775,3,,,,
"Tom Brady","QB","NE",2504211,1977-08-03,302.2,302.2,302.2,,3,19.4999999999999,0,49.8333333333333,37,39.49,14.5066666666667,-2.49,18,,,,
"Alex Collins","RB","BAL",2555430,1994-08-26,205.85,205.85,205.85,,17,8.70000000000002,0,48.2083333333334,38,38.276,8,-0.276000000000003,2,,,,
"Adam Thielen","WR","MIN",2541785,1990-08-22,236,236,236,,16,0.6875,0,46.4166666666667,39,30.6225,23.77,8.3775,4,,,,
"T.Y. Hilton","WR","IND",2532865,1989-11-14,235.625,235.625,235.625,,17,4.0625,0,46.0416666666667,40,25.354,20.1466666666667,14.646,6,,,,
"Allen Robinson","WR","CHI",2543509,1993-08-24,235,235,235,,18,11.0625,0,45.4166666666667,41,34.57,12.97,6.43,4,,,,
"Jordan Howard","RB","CHI",2555418,1994-11-02,200,200,200,,18,6.48750000000001,0,42.3583333333333,42,23.61,19.0666666666667,18.39,2,,,,
"Cam Newton","QB","CAR",2495455,1989-05-11,291.8,291.8,291.8,,4,19.45,0,39.4333333333333,43,50.41,7.71,-7.41,7,,,,
"JuJu Smith-Schuster","WR","PIT",2558149,1996-11-22,228.125,228.125,228.125,,19,9.63749999999999,0,38.5416666666667,44,35.836,14.28,8.164,1,,,,
"Lamar Miller","RB","HOU",2533034,1991-04-25,194.3,194.3,194.3,,19,2.125,0,36.6583333333334,45,47.972,4.63333333333333,-2.972,6,,,,
"Duke Johnson","RB","CLE",2552461,1993-09-23,192.725,192.725,192.725,,20,5.19999999999999,0,35.0833333333333,46,79.334,2.75,-33.334,3,,,,
"Dion Lewis","RB","TEN",2495469,1990-09-27,191.625,191.625,191.625,,21,11.6125,0,33.9833333333333,47,60.71,4.03333333333333,-13.71,7,,,,
"Delanie Walker","TE","TEN",2495966,1984-08-12,180.125,180.125,180.125,,4,8.3125,0,30.375,48,57.714,3.96333333333333,-9.714,12,,,,
"Michael Crabtree","WR","BAL",71269,1987-09-14,219.75,219.75,219.75,,20,3.07499999999999,0,30.1666666666667,49,61.718,3.93333333333333,-12.718,9,,,,
"Evan Engram","TE","NYG",2557858,1994-09-02,179.5,179.5,179.5,,5,16.4375,0,29.75,50,47.928,5.68,2.072,1,,,,
"Stefon Diggs","WR","MIN",2552608,1993-11-29,217.225,217.225,217.225,,21,1.22499999999999,0,27.6416666666667,51,33.6025,12.7533333333333,17.3975,3,,,,
"Devin Funchess","WR","CAR",2552458,1994-05-21,216.125,216.125,216.125,,22,4.28749999999999,0,26.5416666666667,52,75.396,3.12,-23.396,3,,,,
"Alshon Jeffery","WR","PHI",2533039,1990-02-14,215.875,215.875,215.875,,23,9.55000000000001,0,26.2916666666667,53,44.262,8.33333333333333,8.738,6,,,,
"Rex Burkhead","RB","NE",2539265,1990-07-02,183.425,183.425,183.425,,22,7.02500000000003,0,25.7833333333334,54,74.02,1.73666666666667,-20.02,5,,,,
"Drew Brees","QB","NO",2504775,1979-01-15,273.6,273.6,273.6,,5,4.53999999999996,0,21.2333333333333,55,61.102,5.00666666666667,-6.102,17,,,,
"Jaguars","DST","JAC",100015,,143,143,143,,1,20.5,1,21,56,74.91,6.99,-18.91,48,,,,
"Tevin Coleman","RB","ATL",2552453,1993-04-16,176.6,176.6,176.6,,23,1.01249999999999,0,18.9583333333333,57,68.652,3.07666666666667,-11.652,3,,,,
"Matthew Stafford","QB","DET",79860,1988-02-07,271.1,271.1,271.1,,6,5.31999999999999,0,18.7333333333333,58,95.17,3.60666666666667,-37.17,9,,,,
"Chris Thompson","RB","WAS",2540011,1990-10-20,176.2,176.2,176.2,,24,1.27499999999998,0,18.5583333333333,59,84.302,1.99333333333333,-25.302,5,,,,
"Robby Anderson","WR","NYJ",2556462,1993-05-09,207.8,207.8,207.8,,24,3.0625,0,18.2166666666667,60,80.66,2.03,-20.66,2,,,,
"Marlon Mack","RB","IND",2558123,1996-03-07,174.975,174.975,174.975,,25,0.675000000000011,0,17.3333333333334,61,71.148,2.63,-10.148,1,,,,
"Kenyan Drake","RB","MIA",2555230,1994-01-26,174.875,174.875,174.875,,26,2.08749999999998,0,17.2333333333333,62,44.3275,12.8966666666667,17.6725,2,,,,
"Derrick Henry","RB","TEN",2556075,1994-07-17,173.725,173.725,173.725,,27,2.1875,0,16.0833333333334,63,35.702,11.7833333333333,27.298,2,,,,
"Randall Cobb","WR","GB",2495448,1990-08-22,204.85,204.85,204.85,,25,0.724999999999994,0,15.2666666666667,64,75.122,2.69666666666667,-11.122,7,,,,
"Chris Hogan","WR","NE",2530515,1988-10-24,204.625,204.625,204.625,,26,3.5,0,15.0416666666667,65,60.37,3.57333333333333,4.63,7,,,,
"Philip Rivers","QB","LAC",2506121,1981-12-08,267.02,267.02,267.02,,7,4.94999999999999,0,14.6533333333334,66,95.724,2.36666666666667,-29.724,14,,,,
"Trey Burton","TE","CHI",2550284,1991-10-29,164.125,164.125,164.125,,6,3.875,0,14.375,67,86.1,2.63666666666667,-19.1,4,,,,
"Ty Montgomery","RB","GB",2552429,1993-01-22,171.85,171.85,171.85,,28,1.34999999999999,0,14.2083333333333,68,99.432,1.6,-31.432,3,,,,
"Jarvis Landry","WR","CLE",2543488,1992-11-28,203.625,203.625,203.625,,27,5.25,0,14.0416666666667,69,39.732,8.97666666666667,29.268,4,,,,
"Isaiah Crowell","RB","NYJ",2550189,1993-01-08,171.225,171.225,171.225,,29,2.58750000000003,0,13.5833333333334,70,78.31,2.09,-8.31,4,,,,
"Greg Olsen","TE","CAR",2495700,1985-03-11,162,162,162,,7,3.9375,0,12.25,71,60.375,6.51333333333333,10.625,11,,,,
"Deshaun Watson","QB","HOU",2558063,1995-09-14,264.54,264.54,264.54,,8,6.61000000000001,0,12.1733333333333,72,35.896,12.56,36.104,1,,,,
"LeSean McCoy","RB","BUF",79607,1988-07-12,169.775,169.775,169.775,,30,2.59999999999999,0,12.1333333333334,73,28.98,30.06,44.02,9,,,,
"James White","RB","NE",2543773,1992-02-03,167.5,167.5,167.5,,31,1.76249999999999,0,9.85833333333335,74,112.626,1.09333333333333,-38.626,4,,,,
"Royce Freeman","RB","DEN",2560733,1996-02-24,166.85,166.85,166.85,,32,4.85000000000002,0,9.20833333333337,75,49.848,8.11333333333333,25.152,0,,,,
"Emmanuel Sanders","WR","DEN",497322,1987-03-17,198.625,198.625,198.625,,28,0.75,0,9.04166666666666,76,69.39,4.07,6.61,8,,,,
"Jimmy Graham","TE","GB",497236,1986-11-24,158.5,158.5,158.5,,8,6.125,0,8.75,77,47.594,6.12333333333333,29.406,8,,,,
"Brandin Cooks","WR","LAR",2543498,1993-09-25,198.125,198.125,198.125,,29,0.875,0,8.54166666666666,78,42.698,6.85666666666667,35.302,4,,,,
"Marqise Lee","WR","JAC",2543475,1991-11-25,197.625,197.625,197.625,,30,0.875,0,8.04166666666666,79,100.91,1.38,-21.91,4,,,,
"Kyle Rudolph","TE","MIN",2495438,1989-11-09,157.625,157.625,157.625,,9,11.8125,0,7.875,80,61.952,3.31666666666667,18.048,7,,,,
"Marvin Jones","WR","DET",2532884,1990-03-12,196.875,196.875,196.875,,31,2.4375,0,7.29166666666666,81,50.664,5.77,30.336,6,,,,
"Matt Ryan","QB","ATL",310,1985-05-17,259.6,259.6,259.6,,9,3.95000000000005,0,7.23333333333335,82,92.38,3.23,-10.38,10,,,,
"Jamison Crowder","WR","WAS",2552415,1993-06-17,196.625,196.625,196.625,,32,4.4375,0,7.04166666666666,83,77.794,1.88666666666667,5.206,3,,,,
"Mark Ingram","RB","NO",2495466,1989-12-21,164.625,164.625,164.625,,33,5.63749999999999,0,6.98333333333335,84,44.1675,5.02,39.8325,7,,,,
"Alex Smith","QB","WAS",2506340,1984-05-07,256.26,256.26,256.26,,10,2.08999999999997,0,3.89333333333332,85,108.034,2.10333333333333,-23.034,13,,,,
"Blake Bortles","QB","JAC",2543477,1991-12-16,255.04,255.04,255.04,,11,2.38999999999999,0,2.67333333333332,86,118.86,1.73333333333333,-32.86,4,,,,
"Cooper Kupp","WR","LAR",2557898,1993-06-15,192.25,192.25,192.25,,33,0.375,0,2.66666666666666,87,78.984,2.81,8.01600000000001,1,,,,
"Pierre Garcon","WR","SF",2346,1986-08-08,192.125,192.125,192.125,,34,1.5,0,2.54166666666666,88,70.896,3.33333333333333,17.104,10,,,,
"Kenny Stills","WR","MIA",2540202,1992-04-22,191.625,191.625,191.625,,35,3.0625,0,2.04166666666666,89,103.952,1.37,-14.952,5,,,,
"Marshawn Lynch","RB","OAK",2495663,1986-04-22,159.375,159.375,159.375,,34,2.60000000000002,0,1.73333333333335,90,63.776,5.44666666666667,26.224,11,,,,
"Ravens","DST","BAL",100002,,123,123,123,,2,1.5,1,1,91,121.773333333333,1.57666666666667,-30.7733333333333,48,,,,
"Devontae Booker","RB","DEN",2555223,1992-05-27,158.6,158.6,158.6,,35,5.92499999999998,0,0.958333333333343,92,108.752,1.26333333333333,-16.752,2,,,,
"Kirk Cousins","QB","MIN",2532820,1988-08-19,253.3,253.3,253.3,,12,1.40000000000001,0,0.933333333333337,93,66.674,5.51666666666667,26.326,6,,,,
"DeVante Parker","WR","MIA",2552409,1993-01-20,189.625,189.625,189.625,,36,2.9375,0,0.0416666666666572,94,79.84,2.45,14.16,3,,,,
"Chargers","DST","LAC",100028,,122,122,122,,3,5,1,0,95,118.906666666667,1.72666666666667,-23.9066666666667,48,,,,
"Patrick Mahomes","QB","KC",2558125,1995-09-17,252,252,252,,13,0.620000000000005,0,-0.366666666666674,96,88.6325,3.40333333333333,7.36750000000001,1,,,,
"Dak Prescott","QB","DAL",2555260,1993-07-29,251.8,251.8,251.8,,14,1.24000000000001,0,-0.566666666666663,97,104.8,3.22666666666667,-7.8,2,,,,
"Eagles","DST","PHI",100025,,121,121,121,,4,8.5,0,-1,98,95.85,2.9,2.14999999999999,48,,,,
"Jared Goff","QB","LAR",2555334,1994-10-14,250.96,250.96,250.96,,15,1.50999999999999,0,-1.40666666666667,99,91.072,3.50333333333333,7.928,2,,,,
"Sammy Watkins","WR","KC",2543457,1993-06-14,187.5,187.5,187.5,,37,1.75,0,-2.08333333333334,100,65.812,4,34.188,4,,,,
"Ben Roethlisberger","QB","PIT",2506109,1982-03-02,250.16,250.16,250.16,,16,2.37,0,-2.20666666666665,101,86.48,2.96333333333333,14.52,14,,,,
"David Njoku","TE","CLE",2557986,1996-07-10,147.125,147.125,147.125,,10,3.3125,0,-2.625,102,101.628,2.28,0.372,1,,,,
"Javorius Allen","RB","BAL",2552631,1991-08-27,154.95,154.95,154.95,,36,4.64999999999998,0,-2.69166666666666,103,170.946666666667,0.65,-67.9466666666667,3,,,,
"Carson Wentz","QB","PHI",2555259,1992-12-30,248.74,248.74,248.74,,17,3.02000000000001,0,-3.62666666666667,104,47.102,8.07,56.898,2,,,,
"Danny Amendola","WR","MIA",2649,1985-11-02,185.875,185.875,185.875,,38,0.875,0,-3.70833333333334,105,162.7625,0.803333333333333,-57.7625,10,,,,
"Nelson Agholor","WR","PHI",2552600,1993-05-24,185.625,185.625,185.625,,39,2.125,0,-3.95833333333334,106,94.22,2.02333333333333,11.78,3,,,,
"Corey Davis","WR","TEN",2557848,1995-01-11,184.375,184.375,184.375,,40,2.125,0,-5.20833333333334,107,57.494,4.29333333333333,49.506,1,,,,
"Vance McDonald","TE","PIT",2540215,1990-06-13,144.5,144.5,144.5,,11,3.875,0,-5.25,108,127.962,0.666666666666667,-19.962,5,,,,
"Jimmy Garoppolo","QB","SF",2543801,1991-11-02,246.84,246.84,246.84,,18,4.19,0,-5.52666666666667,109,76.84,4.58666666666667,32.16,4,,,,
"Jack Doyle","TE","IND",2540232,1990-05-05,143.125,143.125,143.125,,12,5.5,0,-6.625,110,95.81,1.79666666666667,14.19,5,,,,
"Josh Gordon","WR","CLE",2537931,1991-04-13,182.625,182.625,182.625,,41,1.57499999999999,0,-6.95833333333334,111,40.514,10.0633333333333,70.486,6,,,,
"Giovani Bernard","RB","CIN",2540156,1991-11-22,150.4,150.4,150.4,,37,0.325000000000017,0,-7.24166666666665,112,106.846,1.24333333333333,5.15400000000001,5,,,,
"Tarik Cohen","RB","CHI",2558250,1995-07-26,150.2,150.2,150.2,,38,0.974999999999994,0,-7.44166666666666,113,72.186,2.44333333333333,40.814,1,,,,
"Kerryon Johnson","RB","DET",2560765,1997-06-30,149.95,149.95,149.95,,39,2.33749999999998,0,-7.69166666666666,114,71.302,4.06333333333333,42.698,0,,,,
"Robert Woods","WR","LAR",2540169,1992-04-10,181.875,181.875,181.875,,42,2.07499999999999,0,-7.70833333333334,115,70.034,4.15333333333333,44.966,5,,,,
"Marcus Mariota","QB","TEN",2552466,1993-10-30,244.6,244.6,244.6,,19,4.13999999999999,0,-7.76666666666668,116,103.388,2.86333333333333,12.612,3,,,,
"Patriots","DST","NE",100021,,113,113,113,,5,1.5,0,-9,117,140.37,1.14333333333333,-23.37,48,,,,
"Theo Riddick","RB","DET",2540020,1991-05-04,148.5,148.5,148.5,,40,3.51249999999999,0,-9.14166666666665,118,120.246,1.18666666666667,-2.24600000000001,5,,,,
"Marquise Goodwin","WR","SF",2539964,1990-11-19,180.225,180.225,180.225,,43,3.98749999999998,0,-9.35833333333335,119,84.346,2.13,34.654,5,,,,
"Broncos","DST","DEN",100009,,112,112,112,,6,2,0,-10,120,132.876666666667,1.43333333333333,-12.8766666666667,48,,,,
"Rishard Matthews","WR","TEN",2532903,1989-10-12,179.375,179.375,179.375,,44,6.94999999999999,0,-10.2083333333333,121,113.802,1.36,7.19800000000001,6,,,,
"Carlos Hyde","RB","CLE",2543743,1990-09-20,146.725,146.725,146.725,,41,4.53750000000002,0,-10.9166666666666,122,86.84,2.15666666666667,35.16,4,,,,
"Vikings","DST","MIN",100020,,111,111,111,,7,2.5,0,-11,123,100.58,2.65666666666667,22.42,48,,,,
"George Kittle","TE","SF",2558266,1993-10-09,138.125,138.125,138.125,,13,2.6875,0,-11.625,124,101.156,1.78,22.844,1,,,,
"Andy Dalton","QB","CIN",2495143,1987-10-29,240.7,240.7,240.7,,20,2.59,0,-11.6666666666667,125,161.35,1.45666666666667,-36.35,7,,,,
"Case Keenum","QB","DEN",2532888,1988-02-12,240.22,240.22,240.22,,21,5.06999999999996,0,-12.1466666666667,126,160.335,1.72,-34.335,6,,,,
"Charles Clay","TE","BUF",2495139,1989-02-13,137.125,137.125,137.125,,14,4.6875,0,-12.625,127,106.8275,1.21333333333333,20.1725,7,,,,
"Steelers","DST","PIT",100027,,109,109,109,,8,1,0,-13,128,148.45,1.19,-20.45,48,,,,
"Rams","DST","LAR",100017,,108,108,108,,9,2,0,-14,129,89.04,4.17666666666667,39.96,48,,,,
"Seahawks","DST","SEA",100030,,108,108,108,,9,4.5,0,-14,129,177.45,0.703333333333333,-48.45,48,,,,
"Rashaad Penny","RB","SEA",2560835,1996-02-02,143.25,143.25,143.25,,42,3.44999999999999,0,-14.3916666666667,131,40.018,16.0866666666667,90.982,0,,,,
"Jordan Reed","TE","WAS",2540160,1990-07-03,133.75,133.75,133.75,,15,3.0625,0,-16,132,71.088,2.71,60.912,5,,,,
"Ryan Tannehill","QB","MIA",2532956,1988-07-27,236,236,236,,22,2.70000000000002,0,-16.3666666666666,133,164.953333333333,1.16333333333333,-31.9533333333333,6,,,,
"Julian Edelman","WR","NE",238498,1986-05-22,173.1,173.1,173.1,,45,1.41249999999999,0,-16.4833333333333,134,73.378,4.18333333333333,60.622,9,,,,
"Chris Ivory","RB","BUF",2507999,1988-03-22,141.125,141.125,141.125,,43,2.73749999999998,0,-16.5166666666667,135,132.818,0.69,2.18199999999999,8,,,,
"Tyrell Williams","WR","LAC",2553913,1992-02-12,171.75,171.75,171.75,,46,2.9375,0,-17.8333333333333,136,129.564,0.906666666666667,6.43600000000001,3,,,,
"Mohamed Sanu","WR","ATL",2533040,1989-08-22,171.625,171.625,171.625,,47,7.875,0,-17.9583333333333,137,125.83,1.22333333333333,11.17,6,,,,
"Texans","DST","HOU",100013,,104,104,104,,11,1.5,0,-18,138,116.493333333333,1.69,21.5066666666667,48,,,,
"Mitchell Trubisky","QB","CHI",2558008,1994-08-20,234.3,234.3,234.3,,23,3.48000000000002,0,-18.0666666666667,139,98.8675,3.25,40.1325,1,,,,
"Austin Hooper","TE","ATL",2555415,1994-10-29,131.125,131.125,131.125,,16,2.4375,0,-18.625,140,169.846666666667,0.706666666666667,-29.8466666666667,2,,,,
"Saints","DST","NO",100022,,103,103,103,,12,1.5,0,-19,141,147.696666666667,1.21666666666667,-6.69666666666666,48,,,,
"Ronald Jones","RB","TB",2560770,1997-08-03,138.475,138.475,138.475,,44,2.83750000000003,0,-19.1666666666666,142,46.7075,9.20666666666667,95.2925,0,,,,
"Jamaal Williams","RB","GB",2558204,1995-04-03,138.3,138.3,138.3,,45,6.6875,0,-19.3416666666666,143,81.728,1.77333333333333,61.272,1,,,,
"Cameron Brate","TE","TB",2550656,1991-07-03,130.25,130.25,130.25,,17,5.375,0,-19.5,144,117.88,1.28,26.12,4,,,,
"Cardinals","DST","ARI",100026,,102,102,102,,13,1.5,0,-20,145,171.436666666667,0.656666666666667,-26.4366666666667,48,,,,
"Derek Carr","QB","OAK",2543499,1991-03-28,232.3,232.3,232.3,,24,9.48000000000002,0,-20.0666666666667,146,104.498,2.71333333333333,41.502,4,,,,
"Panthers","DST","CAR",100004,,101,101,101,,14,2.5,0,-21,147,142.303333333333,1.11666666666667,4.69666666666666,48,,,,
"Buccaneers","DST","TB",100031,,100,100,100,,15,3.5,0,-22,148,160.25,0.61,-12.25,48,,,,
"Eric Ebron","TE","IND",2543466,1993-04-10,127.125,127.125,127.125,,18,4.5,0,-22.625,149,112.125,1.03333333333333,36.875,4,,,,
"Eli Manning","QB","NYG",2505996,1981-01-03,229.34,229.34,229.34,,25,13.22,0,-23.0266666666667,150,115.336,1.34333333333333,34.664,14,,,,
"Allen Hurns","WR","DAL",2550353,1991-11-21,166,166,166,,48,6.5,0,-23.5833333333333,151,101.658,2.04333333333333,49.342,4,,,,
"Bilal Powell","RB","NYJ",2495328,1988-10-27,132.975,132.975,132.975,,46,6.83749999999999,0,-24.6666666666667,152,132.422,1.15666666666667,19.578,7,,,,
"Lions","DST","DET",100010,,97,97,97,,16,1,0,-25,153,166.006666666667,0.576666666666667,-13.0066666666667,48,,,,
"Chiefs","DST","KC",100016,,96,96,96,,17,2.5,0,-26,154,165.826666666667,0.763333333333333,-11.8266666666667,48,,,,
"Falcons","DST","ATL",100001,,96,96,96,,17,0.5,0,-26,154,169.503333333333,0.806666666666667,-15.5033333333333,48,,,,
"Bears","DST","CHI",100005,,95,95,95,,19,3.5,0,-27,156,173.633333333333,0.646666666666667,-17.6333333333333,48,,,,
"Jared Cook","TE","OAK",71265,1987-04-07,122.625,122.625,122.625,,19,0.875,0,-27.125,157,119.1925,0.78,37.8075,9,,,,
"O.J. Howard","TE","TB",2557856,1994-11-19,122.625,122.625,122.625,,19,2.1875,0,-27.125,157,108.778,1.42,48.222,1,,,,
"Frank Gore","RB","MIA",2506404,1983-05-14,130.25,130.25,130.25,,47,8.91249999999999,0,-27.3916666666667,159,136.192,0.94,22.808,13,,,,
"Tyler Lockett","WR","SEA",2552430,1992-09-28,161.5,161.5,161.5,,49,5.08750000000001,0,-28.0833333333333,160,115.998,1.59,44.002,3,,,,
"Tyler Eifert","TE","CIN",2540148,1990-09-08,120.875,120.875,120.875,,21,3,0,-28.875,161,111.39,1.45333333333333,49.61,5,,,,
"Ricky Seals-Jones","TE","ARI",2559248,1995-03-15,120,120,120,,22,4.4375,0,-29.75,162,133.81,1.24,28.19,1,,,,
"Packers","DST","GB",100011,,92,92,92,,20,1,0,-30,163,179.333333333333,0.69,-16.3333333333333,48,,,,
"Bills","DST","BUF",100003,,91,91,91,,21,1,0,-31,164,182.276666666667,0.676666666666667,-18.2766666666667,48,,,,
"Cowboys","DST","DAL",100008,,91,91,91,,21,5.5,0,-31,164,167.42,0.676666666666667,-3.42000000000002,48,,,,
"Jordy Nelson","WR","OAK",1032,1985-05-31,157.5,157.5,157.5,,50,2.40000000000001,0,-32.0833333333333,166,85.682,2.39,80.318,10,,,,
"Titans","DST","TEN",100012,,89,89,89,,23,7.5,0,-33,167,171.233333333333,0.973333333333333,-4.23333333333332,48,,,,
"Nick Vannett","TE","SEA",2555289,1993-03-06,115.75,115.75,115.75,,23,2.875,0,-34,168,197.893333333333,1.18666666666667,-29.8933333333333,2,,,,
"DeSean Jackson","WR","TB",1581,1986-12-01,155.325,155.325,155.325,,51,1.63749999999999,0,-34.2583333333334,169,152.99,1.28333333333333,16.01,10,,,,
"Hayden Hurst","TE","BAL",2560747,1993-08-24,115.375,115.375,115.375,,24,5.5,0,-34.375,170,129.954,0.94,40.046,0,,,,
"Kelvin Benjamin","WR","BUF",2543471,1991-02-05,154.875,154.875,154.875,,52,3.1875,0,-34.7083333333333,171,95.138,2.06,75.862,4,,,,
"Matt Breida","RB","SF",2558918,1995-02-28,122.025,122.025,122.025,,48,3.325,0,-35.6166666666666,172,116.912,0.713333333333333,55.088,1,,,,
"Andrew Luck","QB","IND",2533031,1989-09-12,216.3,216.3,216.3,,26,0.759999999999991,0,-36.0666666666667,173,67.686,3.96,105.314,6,,,,
"Jameis Winston","QB","TB",2552033,1994-01-06,215.94,215.94,215.94,,27,9.69999999999999,0,-36.4266666666667,174,119.868,2.62333333333333,54.132,3,,,,
"Austin Ekeler","RB","LAC",2559169,1995-05-17,120.65,120.65,120.65,,49,4.71250000000001,0,-36.9916666666666,175,137.89,0.943333333333333,37.11,1,,,,
"Ted Ginn","WR","NO",2507166,1985-04-12,152.5,152.5,152.5,,53,1.9375,0,-37.0833333333333,176,121.47,0.853333333333333,54.53,11,,,,
"Joe Flacco","QB","BAL",382,1985-01-16,215.14,215.14,215.14,,28,32.36,0,-37.2266666666667,177,170.576666666667,1.00666666666667,6.42333333333332,10,,,,
"Josh Doctson","WR","WAS",2555343,1992-12-03,150.875,150.875,150.875,,54,4.9375,0,-38.7083333333333,178,109.442,1.77333333333333,68.558,2,,,,
"Sterling Shepard","WR","NYG",2555295,1993-02-10,150.25,150.25,150.25,,55,9.375,0,-39.3333333333333,179,89.878,1.80333333333333,89.122,2,,,,
"Austin Seferian-Jenkins","TE","JAC",2543683,1992-09-29,110.375,110.375,110.375,,25,1.875,0,-39.375,180,108.7325,1.31,71.2675,4,,,,
"Redskins","DST","WAS",100032,,82,82,82,,24,1,0,-40,181,150.48,0.583333333333333,30.52,48,,,,
"Mike Gesicki","TE","MIA",2560994,1995-10-03,109.375,109.375,109.375,,26,4,0,-40.375,182,116.088,1.78333333333333,65.912,0,,,,
"Corey Clement","RB","PHI",2559150,1994-11-02,116.75,116.75,116.75,,50,4.5625,0,-40.8916666666667,183,110.84,0.946666666666667,72.16,1,,,,
"Bengals","DST","CIN",100006,,81,81,81,,25,0,0,-41,184,160.075,0.576666666666667,23.925,48,,,,
"Dolphins","DST","MIA",100019,,81,81,81,,25,2,0,-41,184,159.93,0.7,24.07,48,,,,
"Giants","DST","NYG",100023,,81,81,81,,25,7.5,0,-41,184,183.91,0.643333333333333,0.0900000000000034,48,,,,
"Vernon Davis","TE","WAS",2495826,1984-01-31,107.625,107.625,107.625,,27,8.8125,0,-42.125,187,185.58,0.513333333333333,1.41999999999999,12,,,,
"Wayne Gallman","RB","NYG",2557952,1994-10-01,115.125,115.125,115.125,,51,6.6875,0,-42.5166666666667,188,199.41,0.21,-11.41,1,,,,
"49ers","DST","SF",100029,,77,77,77,,28,8.5,0,-45,189,180.716666666667,0.586666666666667,8.28333333333333,48,,,,
"Benjamin Watson","TE","NO",2506122,1980-12-18,103.125,103.125,103.125,,28,9,0,-46.625,190,129.634,0.65,60.366,14,,,,
"Will Fuller","WR","HOU",2555346,1994-04-16,141.625,141.625,141.625,,56,2.75,0,-47.9583333333333,191,63.805,2.405,127.195,2,,,,
"Latavius Murray","RB","MIN",2541161,1990-01-18,109.25,109.25,109.25,,52,2.075,0,-48.3916666666667,192,120.29,1.55,71.71,5,,,,
"John Ross","WR","CIN",2558010,1995-11-27,140.125,140.125,140.125,,57,3.1875,0,-49.4583333333333,193,155.6025,0.696666666666667,37.3975,1,,,,
"Sony Michel","RB","NE",2560809,1995-02-17,107.625,107.625,107.625,,53,1.8875,0,-50.0166666666667,194,53.938,8.21666666666667,140.062,0,,,,
"Doug Martin","RB","OAK",2532899,1989-01-13,106.725,106.725,106.725,,54,2.175,0,-50.9166666666667,195,117.978,0.923333333333333,77.022,6,,,,
"Dede Westbrook","WR","JAC",2557895,1993-11-21,137.625,137.625,137.625,,58,3.8125,0,-51.9583333333333,196,167.59,0.696666666666667,28.41,1,,,,
"Jets","DST","NYJ",100024,,70,70,70,,29,3.5,0,-52,197,160.29,0.646666666666667,36.71,48,,,,
"Corey Grant","RB","JAC",2553650,1991-12-19,104.75,104.75,104.75,,55,2.2,0,-52.8916666666667,198,188.55,0.22,9.44999999999999,3,,,,
"Darren Sproles","RB","PHI",2506467,1983-06-20,104.35,104.35,104.35,,56,3.8125,0,-53.2916666666667,199,188.316666666667,0.68,10.6833333333333,13,,,,
"Kenny Golladay","WR","DET",2558052,1993-01-01,136.25,136.25,136.25,,59,5.875,0,-53.3333333333333,200,113.914,1.67333333333333,86.086,1,,,,
"Raiders","DST","OAK",100018,,67,67,67,,30,1.5,0,-55,201,159.91,0.676666666666667,41.09,48,,,,
"Tyrod Taylor","QB","CLE",2495240,1989-08-03,197.34,197.34,197.34,,29,37.31,0,-55.0266666666667,202,163.9825,1.27666666666667,38.0175,7,,,,
"Jake Butt","TE","DEN",2557859,1995-07-11,94.5,94.5,94.5,,29,3.8125,0,-55.25,203,174.03,0.85,28.97,1,,,,
"Colts","DST","IND",100014,,66,66,66,,31,1,0,-56,204,160.41,0.61,43.59,48,,,,
"Garrett Celek","TE","SF",2534820,1988-05-29,93.75,93.75,93.75,,30,7.0625,0,-56,204,160.435,0.443333333333333,43.565,6,,,,
"Peyton Barber","RB","TB",2556466,1994-06-27,100.75,100.75,100.75,,57,1.4375,0,-56.8916666666667,206,138.988,0.67,67.012,2,,,,
"Browns","DST","CLE",100007,,65,65,65,,32,,0,-57,207,160.14,0.62,46.86,48,,,,
"Nyheim Hines","RB","IND",2560742,1996-11-12,100.325,100.325,100.325,,58,5.21249999999999,0,-57.3166666666666,208,112.178,1.29333333333333,95.822,0,,,,
"Jermaine Kearse","WR","NYJ",2532887,1990-02-06,131.375,131.375,131.375,,60,3.5,0,-58.2083333333333,209,186.88,0.64,22.12,6,,,,
"C.J. Anderson","RB","CAR",2540269,1991-02-10,98.3,98.3,98.3,,59,8.10000000000002,0,-59.3416666666666,210,97.146,1.83333333333333,112.854,5,,,,
"Martavis Bryant","WR","OAK",2543572,1991-12-20,129.375,129.375,129.375,,61,3.125,0,-60.2083333333333,211,123.392,1.52333333333333,87.608,4,,,,
"Nick Boyle","TE","BAL",2552402,1993-02-17,87.625,87.625,87.625,,31,4.5625,0,-62.125,212,160.49,0.125,51.51,3,,,,
"Cameron Meredith","WR","NO",2553568,1992-09-21,126.375,126.375,126.375,,62,1.875,0,-63.2083333333333,213,113.936,1.79,99.064,3,,,,
"Chris Godwin","WR","TB",2558105,1996-02-27,126.125,126.125,126.125,,63,3.875,0,-63.4583333333333,214,151.91,0.846666666666667,62.09,1,,,,
"Luke Willson","TE","DET",2541199,1990-01-15,85.75,85.75,85.75,,32,7.75,0,-64,215,184.356666666667,0.563333333333333,30.6433333333333,5,,,,
"Rod Smith","RB","DAL",2553743,1992-01-10,91.925,91.925,91.925,,60,6.825,0,-65.7166666666667,216,186.416666666667,0.453333333333333,29.5833333333333,3,,,,
"J.J. Nelson","WR","ARI",2552656,1992-04-24,122.875,122.875,122.875,,64,3,0,-66.7083333333333,217,204.886666666667,0.62,12.1133333333333,3,,,,
"Geronimo Allison","WR","GB",2556460,1994-01-18,121.625,121.625,121.625,,65,5.375,0,-67.9583333333333,218,129.896,0.593333333333333,88.104,2,,,,
"Nick Chubb","RB","CLE",2561021,1995-12-27,88.475,88.475,88.475,,61,6.8,0,-69.1666666666667,219,109.8925,4.22333333333333,109.1075,0,,,,
"Tyler Higbee","TE","LAR",2555364,1993-01-01,80.375,80.375,80.375,,33,5.25,0,-69.375,220,197.863333333333,0.473333333333333,22.1366666666667,2,,,,
"John Brown","WR","BAL",2543847,1990-04-03,118.125,118.125,118.125,,66,4.6875,0,-71.4583333333333,221,179.023333333333,1.20666666666667,41.9766666666667,4,,,,
"Jesse James","TE","PIT",2552633,1994-06-04,75.625,75.625,75.625,,34,1,0,-74.125,222,194.52,0.573333333333333,27.48,3,,,,
"Adam Shaheen","TE","CHI",2558144,1994-01-01,74.625,74.625,74.625,,35,3.25,0,-75.125,223,191.056666666667,0.56,31.9433333333333,1,,,,
"Clive Walford","TE","NYJ",2552397,1991-10-21,74.625,74.625,74.625,,35,1.125,0,-75.125,223,160.475,0.13,62.525,3,,,,
"Terrance Williams","WR","DAL",2539205,1989-09-18,114.375,114.375,114.375,,67,3.0625,0,-75.2083333333333,225,187.376666666667,1.1,37.6233333333333,5,,,,
"Charles Sims","RB","TB",2543770,1990-09-19,81.725,81.725,81.725,,62,1.3625,0,-75.9166666666667,226,208.316666666667,0.433333333333333,17.6833333333333,4,,,,
"Chris Carson","RB","SEA",2558865,1994-09-16,81.625,81.625,81.625,,63,5.9375,0,-76.0166666666667,227,104.28,1.68,122.72,1,,,,
"Brandon Marshall","WR","SEA",2495893,1984-03-23,112.5,112.5,112.5,,68,2.9375,0,-77.0833333333333,228,196.89,0.506666666666667,31.11,12,,,,
"Dallas Goedert","TE","PHI",2560995,1994-01-03,72.375,72.375,72.375,,37,2.875,0,-77.375,229,167.73,1.17333333333333,61.27,0,,,,
"Jalen Richard","RB","OAK",2556885,1993-10-15,79.1,79.1,79.1,,64,7.08749999999999,0,-78.5416666666667,230,206.833333333333,0.433333333333333,23.1666666666667,2,,,,
"Marcedes Lewis","TE","GB",2495888,1984-05-19,70.375,70.375,70.375,,38,2.0625,0,-79.375,231,160.475,0.413333333333333,70.525,12,,,,
"Calvin Ridley","WR","ATL",2560854,1994-12-20,110.125,110.125,110.125,,69,1.625,0,-79.4583333333333,232,100.506,3.91,131.494,0,,,,
"Courtland Sutton","WR","DEN",2560888,1995-10-10,109,109,109,,70,1.3125,0,-80.5833333333333,233,155.3475,2.35333333333333,77.6525,0,,,,
"Nick OLeary","TE","BUF",2552403,1992-08-31,68.625,68.625,68.625,,39,1.625,0,-81.125,234,160.48,0.125,73.52,3,,,,
"Quincy Enunwa","WR","NYJ",2543828,1992-05-31,108,108,108,,71,1.6875,0,-81.5833333333333,235,123.315,0.866666666666667,111.685,4,,,,
"Tyler Kroft","TE","CIN",2552586,1992-10-15,68,68,68,,40,2.125,0,-81.75,236,187.55,0.576666666666667,48.45,3,,,,
"Zay Jones","WR","BUF",2557863,1995-03-30,107.375,107.375,107.375,,72,2.125,0,-82.2083333333333,237,184.816666666667,0.553333333333333,52.1833333333333,1,,,,
"Jonnu Smith","TE","TEN",2558207,1995-08-22,66,66,66,,41,1.5625,0,-83.75,238,183.446666666667,0.4,54.5533333333333,1,,,,
"Stephen Anderson","TE","HOU",2556463,1993-01-30,65.75,65.75,65.75,,42,3.25,0,-84,239,202.07,0.446666666666667,36.93,2,,,,
"Josh McCown","QB","NYJ",2505076,1979-07-04,168.22,168.22,168.22,,30,44.5,0,-84.1466666666667,240,185.86,0.57,54.14,16,,,,
"Michael Gallup","WR","DAL",2560735,1996-03-04,105.25,105.25,105.25,,73,0.375,0,-84.3333333333333,241,120.074,2.49333333333333,120.926,0,,,,
"Travis Benjamin","WR","LAC",2532790,1989-12-29,105.25,105.25,105.25,,73,0.0625,0,-84.3333333333333,241,197.803333333333,0.61,43.1966666666667,6,,,,
"Ryan Grant","WR","IND",2543759,1990-12-19,105.125,105.125,105.125,,75,1,0,-84.4583333333333,243,199.395,0.34,43.605,4,,,,
"Mike Wallace","WR","PHI",2507763,1986-08-01,104.625,104.625,104.625,,76,1.5,0,-84.9583333333333,244,139.06,0.796666666666667,104.94,9,,,,
"T.J. Yeldon","RB","JAC",2552471,1993-10-02,72.275,72.275,72.275,,65,1.58750000000001,0,-85.3666666666666,245,167.63,0.953333333333333,77.37,3,,,,
"Aaron Jones","RB","GB",2558116,1994-12-02,71.75,71.75,71.75,,66,3.0625,0,-85.8916666666667,246,100.024,1.74,145.976,1,,,,
"Cole Beasley","WR","DAL",2535698,1989-04-26,103.625,103.625,103.625,,77,1.625,0,-85.9583333333333,247,173.245,0.806666666666667,73.755,6,,,,
"Gerald Everett","TE","LAR",2557889,1994-06-25,63.125,63.125,63.125,,43,1.375,0,-86.625,248,178.956666666667,1.10666666666667,69.0433333333333,1,,,,
"Corey Coleman","WR","BUF",2555333,1994-07-06,102.625,102.625,102.625,,78,2.75,0,-86.9583333333333,249,173.323333333333,1.04666666666667,75.6766666666667,2,,,,
"Ed Dickson","TE","SEA",497224,1987-07-25,61.875,61.875,61.875,,44,0.25,0,-87.875,250,193.853333333333,0.493333333333333,56.1466666666667,8,,,,
"Kyle Juszczyk","RB","SF",2540230,1991-04-23,69.625,69.625,69.625,,67,3.625,0,-88.0166666666667,251,160.395,0.396666666666667,90.605,5,,,,
"Jordan Akins","TE","HOU",2560951,1992-04-19,61.625,61.625,61.625,,45,5.0625,0,-88.125,252,200.023333333333,0.27,51.9766666666667,0,,,,
"Levine Toilolo","TE","DET",2540203,1991-07-30,61.625,61.625,61.625,,45,1.75,0,-88.125,252,160.48,0.065,91.52,5,,,,
"Willie Snead","WR","BAL",2550256,1992-10-17,101.375,101.375,101.375,,79,6.125,0,-88.2083333333333,254,190.923333333333,1.15,63.0766666666667,4,,,,
"Chase Edmonds","RB","ARI",2560711,1996-04-13,67.75,67.75,67.75,,68,4.5625,0,-89.8916666666667,255,175.97,0.703333333333333,79.03,0,,,,
"Mike Williams","WR","LAC",2558846,1994-10-04,98.375,98.375,98.375,,80,6.75,0,-91.2083333333333,256,107.964,1.39,148.036,1,,,,
"Virgil Green","TE","LAC",2495288,1988-08-03,58.125,58.125,58.125,,47,5.6875,0,-91.625,257,193.526666666667,0.473333333333333,63.4733333333333,7,,,,
"Spencer Ware","RB","KC",2540204,1991-11-23,64.25,64.25,64.25,,69,5.65,0,-93.3916666666667,258,135.088,0.6,122.912,5,,,,
"Blake Jarwin","TE","DAL",2559193,1994-07-16,55,55,55,,48,6.5,0,-94.75,259,192.11,0.496666666666667,66.89,1,,,,
"LeGarrette Blount","RB","DET",497149,1986-12-05,62.125,62.125,62.125,,70,10.3,0,-95.5166666666667,260,128.974,1.36666666666667,131.026,8,,,,
"Trent Taylor","WR","SF",2558202,1994-04-30,92.125,92.125,92.125,,81,1.75,0,-97.4583333333333,261,194.056666666667,0.523333333333333,66.9433333333333,1,,,,
"Chester Rogers","WR","IND",2556396,1994-01-12,91.125,91.125,91.125,,82,1.625,0,-98.4583333333333,262,191.613333333333,0.21,70.3866666666667,2,,,,
"Ryan Griffin","TE","HOU",2541316,1990-01-11,49.875,49.875,49.875,,49,3.4375,0,-99.875,263,197.95,0.49,65.05,5,,,,
"Torrey Smith","WR","CAR",2495459,1989-01-26,89.625,89.625,89.625,,83,0.6875,0,-99.9583333333333,264,206.01,0.52,57.99,7,,,,
"Adam Humphries","WR","TB",2553895,1993-06-24,89.375,89.375,89.375,,84,1.375,0,-100.208333333333,265,227.915,0.21,37.085,3,,,,
"Sam Bradford","QB","ARI",497095,1987-11-08,151.84,151.84,151.84,,31,62.04,0,-100.526666666667,266,174.796666666667,1.11333333333333,91.2033333333333,8,,,,
"Braxton Miller","WR","HOU",2555348,1992-11-30,88.5,88.5,88.5,,85,1,0,-101.083333333333,267,160.465,0.51,106.535,2,,,,
"Albert Wilson","WR","MIA",2550272,1992-07-12,87.5,87.5,87.5,,86,4.8125,0,-102.083333333333,268,179.726666666667,1.46333333333333,88.2733333333333,4,,,,
"Kendall Wright","WR","MIN",2532977,1989-11-12,87.5,87.5,87.5,,86,2.1875,0,-102.083333333333,268,205.55,0.476666666666667,62.45,6,,,,
"Malcolm Brown","RB","LAR",2552382,1993-05-15,55.075,55.075,55.075,,71,6.55,0,-102.566666666667,270,206.1,0.433333333333333,63.9,3,,,,
"Jermaine Gresham","TE","ARI",497238,1988-06-16,47.125,47.125,47.125,,50,1.5,0,-102.625,271,160.305,0.416666666666667,110.695,8,,,,
"Demetrius Harris","TE","KC",2541187,1991-07-29,45.75,45.75,45.75,,51,0.625,0,-104,272,160.48,0.11,111.52,5,,,,
"Jeff Heuerman","TE","DEN",2552399,1992-11-24,45.5,45.5,45.5,,52,3.375,0,-104.25,273,160.465,0.456666666666667,112.535,3,,,,
"Josh Hill","TE","NO",2541834,1990-05-21,44.75,44.75,44.75,,53,5.3125,0,-105,274,160.475,0.11,113.525,5,,,,
"Seth Roberts","WR","OAK",2550597,1991-02-22,83.125,83.125,83.125,,88,0.875,0,-106.458333333333,275,160.49,0.396666666666667,114.51,4,,,,
"James Washington","WR","PIT",2560920,1996-04-02,82.25,82.25,82.25,,89,1.375,0,-107.333333333333,276,163.716666666667,1.64666666666667,112.283333333333,0,,,,
"Taylor Gabriel","WR","CHI",2550617,1991-02-17,82.25,82.25,82.25,,89,0.5625,0,-107.333333333333,276,191.08,0.5,84.92,4,,,,
"Paul Richardson","WR","WAS",2543491,1992-04-13,81.125,81.125,81.125,,91,2.09999999999999,0,-108.458333333333,278,126.184,1.29,151.816,4,,,,
"Anthony Miller","WR","CHI",2560810,1994-10-09,80.625,80.625,80.625,,92,4.91249999999999,0,-108.958333333333,279,142.74,2.14666666666667,136.26,0,,,,
"Jordan Wilkins","RB","IND",2560933,1994-07-18,48.575,48.575,48.575,,72,0.825000000000003,0,-109.066666666667,280,128.578,0.786666666666667,151.422,0,,,,
"Jonathan Stewart","RB","NYG",949,1987-03-21,48.475,48.475,48.475,,73,2.15,0,-109.166666666667,281,192.97,0.583333333333333,88.03,10,,,,
"Rico Gathers","TE","DAL",2556375,1994-01-07,39.5,39.5,39.5,,54,0.5,0,-110.25,282,202.47,0.523333333333333,79.53,2,,,,
"Chris Herndon","TE","NYJ",2560738,,39.375,39.375,39.375,,55,0.9375,0,-110.375,283,192.27,0.225,90.73,0,,,,
"Samaje Perine","RB","WAS",2558138,1995-09-16,47.025,47.025,47.025,,74,1.90000000000001,0,-110.616666666667,284,187.72,1.11,96.28,1,,,,
"Dwayne Allen","TE","NE",2533046,1990-02-24,38.625,38.625,38.625,,56,1.4375,0,-111.125,285,160.24,0.55,124.76,6,,,,
"Lance Kendricks","TE","GB",2495187,1988-01-30,38.25,38.25,38.25,,57,2.25,0,-111.5,286,160.405,0.105,125.595,7,,,,
"Robert Turbin","RB","IND",2533460,1989-12-02,45.625,45.625,45.625,,75,3.25,0,-112.016666666667,287,160.47,0.15,126.53,6,,,,
"Tavon Austin","WR","DAL",2539336,1991-03-15,77.425,77.425,77.425,,93,3.8,0,-112.158333333333,288,189.33,0.865,98.67,5,,,,
"Jacquizz Rodgers","RB","TB",2495471,1990-02-06,44.625,44.625,44.625,,76,5.3125,0,-113.016666666667,289,160.43,0.453333333333333,128.57,7,,,,
"Ben Koyack","TE","JAC",2552396,1993-04-09,36.125,36.125,36.125,,58,1.75,0,-113.625,290,160.5,0.03,129.5,3,,,,
"Evan Baylis","TE","CAR",2559299,1993-11-18,35.875,35.875,35.875,,59,3.1875,0,-113.875,291,160.495,0.065,130.505,1,,,,
"Jaron Brown","WR","SEA",2541966,1990-01-08,74,74,74,,94,1.5625,0,-115.583333333333,292,198.14,0.443333333333333,93.86,5,,,,
"Terrelle Pryor","WR","NYJ",2531332,1989-06-20,73.25,73.25,73.25,,95,1.875,0,-116.333333333333,293,185.966666666667,1.42666666666667,107.033333333333,7,,,,
"David Morgan","TE","MIN",2555306,1993-05-19,32.875,32.875,32.875,,60,2.125,0,-116.875,294,170,0.135,124,2,,,,
"Geoff Swaim","TE","DAL",2553454,1993-09-16,32.5,32.5,32.5,,61,3.6875,0,-117.25,295,181.52,1.02666666666667,113.48,3,,,,
"DeAndre Washington","RB","OAK",2555464,1993-02-22,40.125,40.125,40.125,,77,2.3125,0,-117.516666666667,296,205.22,0.586666666666667,90.78,2,,,,
"Tyler Boyd","WR","CIN",2555466,1994-11-15,71.625,71.625,71.625,,96,0.5,0,-117.958333333333,297,189.133333333333,0.52,107.866666666667,2,,,,
"Roger Lewis","WR","NYG",2556592,1993-11-27,71.125,71.125,71.125,,97,1.875,0,-118.458333333333,298,160.47,0.13,137.53,2,,,,
"Taywan Taylor","WR","TEN",2557870,1995-03-02,71.125,71.125,71.125,,97,4.9375,0,-118.458333333333,298,178.95,0.483333333333333,119.05,1,,,,
"Kenneth Dixon","RB","BAL",2555229,1994-01-21,38.5,38.5,38.5,,78,4.525,0,-119.141666666667,300,132.146,0.666666666666667,167.854,2,,,,
"Mike Davis","RB","SEA",2553439,1993-02-19,37.125,37.125,37.125,,79,6.6,0,-120.516666666667,301,160.47,0.135,140.53,3,,,,
"Richard Rodgers","TE","PHI",2550313,1992-01-22,29,29,29,,62,0.4375,0,-120.75,302,160.325,0.846666666666667,141.675,4,,,,
"Will Dissly","TE","SEA",2561046,,28.625,28.625,28.625,,63,1,0,-121.125,303,157.32,0.5575,145.68,0,,,,
"Erik Swoope","TE","IND",2550405,1992-05-08,28.5,28.5,28.5,,64,2.25,0,-121.25,304,160.475,0.115,143.525,4,,,,
"Christian Kirk","WR","ARI",2560781,1996-11-18,67.375,67.375,67.375,,99,2.9375,0,-122.208333333333,305,154.5875,2.57333333333333,150.4125,0,,,,
"Maxx Williams","TE","BAL",2552468,1994-04-12,26.75,26.75,26.75,,65,1.3125,0,-123,306,160.47,0.42,145.53,3,,,,
"A.J. Derby","TE","MIA",2552580,1991-09-20,25.75,25.75,25.75,,66,0.875,0,-124,307,160.49,0.165,146.51,3,,,,
"Jeremy Kerley","WR","BUF",2495189,1988-11-30,65,65,65,,100,1.5625,0,-124.583333333333,308,160.495,0.13,147.505,7,,,,
"Jordan Leggett","TE","NYJ",2557885,1995-01-31,25.125,25.125,25.125,,67,1.875,0,-124.625,309,160.48,0.18,148.52,1,,,,
"Logan Paulsen","TE","ATL",2507828,1987-02-26,24.625,24.625,24.625,,68,4.0625,0,-125.125,310,160.49,0.055,149.51,8,,,,
"Bruce Ellington","WR","HOU",2543646,1991-08-22,63.875,63.875,63.875,,101,2.375,0,-125.708333333333,311,160.465,0.446666666666667,150.535,4,,,,
"T.J. Jones","WR","DET",2543836,1992-07-19,63,63,63,,102,4.6875,0,-126.583333333333,312,150.98,0.16,161.02,4,,,,
"Jeremy Hill","RB","NE",2543603,1992-10-20,30.825,30.825,30.825,,80,0.687499999999996,0,-126.816666666667,313,194.003333333333,0.646666666666667,118.996666666667,4,,,,
"Mark Walton","RB","CIN",2560915,1997-03-29,30.225,30.225,30.225,,81,0.675000000000001,0,-127.416666666667,314,187.296666666667,0.385,126.703333333333,0,,,,
"James Conner","RB","PIT",2557978,1995-05-05,30.05,30.05,30.05,,82,1.4625,0,-127.591666666667,315,125.735,0.546666666666667,189.265,1,,,,
"Jerell Adams","TE","NYG",2555311,1992-12-31,21.875,21.875,21.875,,69,3.375,0,-127.875,316,160.48,0.085,155.52,2,,,,
"Elijah McGuire","RB","NYJ",2557934,1994-06-01,29.05,29.05,29.05,,83,1.05,0,-128.591666666667,317,182.353333333333,0.3,134.646666666667,1,,,,
"Elijhaa Penny","RB","ARI",2556762,1993-08-17,28.125,28.125,28.125,,84,0.3125,0,-129.516666666667,318,170,0.12,148,2,,,,
"TreQuan Smith","WR","NO",2560878,,60,60,60,,103,3.75,0,-129.583333333333,319,173.613333333333,1.14666666666667,145.386666666667,0,,,,
"Thomas Rawls","RB","NYJ",2553733,1993-08-03,27.875,27.875,27.875,,85,0.587499999999999,0,-129.766666666667,320,160.425,0.423333333333333,159.575,3,,,,
"Boston Scott","RB","NO",2561146,1995-04-27,27.75,27.75,27.75,,86,2.4,0,-129.891666666667,321,195.166666666667,0.295,125.833333333333,0,,,,
"C.J. Uzomah","TE","CIN",2552559,1993-01-14,19.25,19.25,19.25,,70,2.0625,0,-130.5,322,150.99,0.2,171.01,3,,,,
"Damien Williams","RB","KC",2550512,1992-04-03,26.825,26.825,26.825,,87,3.1625,0,-130.816666666667,323,170,0.105,153,4,,,,
"Tyler Conklin","TE","MIN",2561027,,17.75,17.75,17.75,,71,1.125,0,-132,324,160.495,0.165,163.505,0,,,,
"Cordarrelle Patterson","WR","NE",2540145,1991-03-17,56.625,56.625,56.625,,104,0.875,0,-132.958333333333,325,197.42,0.55,127.58,5,,,,
"Dalton Schultz","TE","DAL",2560866,1996-07-11,16.625,16.625,16.625,,72,6.125,0,-133.125,326,196.613333333333,0.49,129.386666666667,0,,,,
"Michael Roberts","TE","DET",2558049,1994-05-07,16.625,16.625,16.625,,72,2.375,0,-133.125,326,225.59,0.195,100.41,1,,,,
"Brice Butler","WR","ARI",2541388,1990-01-29,55.875,55.875,55.875,,105,0.3125,0,-133.708333333333,328,199.936666666667,0.483333333333333,128.063333333333,5,,,,
"Cameron Artis-Payne","RB","CAR",2552375,1990-06-23,23.875,23.875,23.875,,88,1.275,0,-133.766666666667,329,160.465,0.476666666666667,168.535,3,,,,
"Carlos Henderson","WR","DEN",2558003,1994-12-19,55.625,55.625,55.625,,106,1.125,0,-133.958333333333,330,205.83,0.26,124.17,1,,,,
"Eric Decker","WR","NE",497284,1987-03-15,55.5,55.5,55.5,,107,2.125,0,-134.083333333333,331,164.12,0.66,166.88,8,,,,
"John Kelly","RB","LAR",2560777,1996-10-04,23.45,23.45,23.45,,89,1.7375,0,-134.191666666667,332,182.746666666667,0.593333333333333,149.253333333333,0,,,,
"Ito Smith","RB","ATL",2559924,1995-09-11,21.75,21.75,21.75,,90,0.462499999999999,0,-135.891666666667,333,186.6,0.51,146.4,0,,,,
"Kalen Ballage","RB","MIA",2560967,,21.675,21.675,21.675,,91,0.800000000000001,0,-135.966666666667,334,162.765,1.26666666666667,171.235,0,,,,
"JMon Moore","WR","GB",2560814,1995-05-23,53.5,53.5,53.5,,108,0.8125,0,-136.083333333333,335,178.046666666667,0.836666666666667,156.953333333333,0,,,,
"Laquon Treadwell","WR","MIN",2555214,1995-06-14,53.25,53.25,53.25,,109,2.25,0,-136.333333333333,336,190.243333333333,0.61,145.756666666667,2,,,,
"Alfred Blue","RB","HOU",2543600,1991-04-27,20.9,20.9,20.9,,92,1.2125,0,-136.741666666667,337,205.923333333333,0.1,131.076666666667,4,,,,
"DeAngelo Henderson","RB","DEN",2557850,1992-11-24,20.85,20.85,20.85,,93,3.2375,0,-136.791666666667,338,201.05,0.466666666666667,136.95,1,,,,
"Demarcus Robinson","WR","KC",2555478,1994-09-21,52.125,52.125,52.125,,110,3.3125,0,-137.458333333333,339,160.49,0.18,178.51,2,,,,
"Lee Smith","TE","OAK",2495347,1987-11-21,11.875,11.875,11.875,,74,3.375,0,-137.875,340,157.313333333333,0.035,182.686666666667,7,,,,
"Bo Scarbrough","RB","DAL",2560865,1996-09-29,18.525,18.525,18.525,,94,3.9,0,-139.116666666667,341,191.643333333333,0.583333333333333,149.356666666667,0,,,,
"Aldrick Robinson","WR","SF",2495331,1988-09-24,49.875,49.875,49.875,,111,2.5625,0,-139.708333333333,342,157.32,0.085,184.68,7,,,,
"Rhett Ellison","TE","NYG",2532835,1988-10-03,9.125,9.125,9.125,,75,1.5,0,-140.625,343,160.495,0.085,182.505,6,,,,
"Jonathan Williams","RB","NO",2555227,1994-02-02,16.7,16.7,16.7,,95,4.15,0,-140.941666666667,344,160.475,0.46,183.525,2,,,,
"Donte Moncrief","WR","JAC",2543614,1993-08-06,47.75,47.75,47.75,,112,1.625,0,-141.833333333333,345,175.343333333333,0.653333333333333,169.656666666667,4,,,,
"Daniel Brown","TE","CHI",2553900,1992-05-26,7.875,7.875,7.875,,76,0.5,0,-141.875,346,,0.21,,3,,,,
"Braedon Bowman","TE","LAC",2556476,1994-01-30,7.375,7.375,7.375,,77,,0,-142.375,347,170,0.115,177,2,,,,
"Andre Holmes","WR","BUF",2495453,1988-06-16,46.875,46.875,46.875,,113,2.125,0,-142.708333333333,348,160.495,0.07,187.505,7,,,,
"Josh Bellamy","WR","CHI",2535964,1989-05-18,45.375,45.375,45.375,,114,1.25,0,-144.208333333333,349,150.98,0.17,198.02,6,,,,
"Travaris Cadet","RB","BUF",2535890,1989-02-01,12.55,12.55,12.55,,96,,0,-145.091666666667,350,160.495,0.105,189.505,6,,,,
"Chad Williams","WR","ARI",2558208,1994-10-19,44.125,44.125,44.125,,115,1.9375,0,-145.458333333333,351,183.395,0.21,167.605,1,,,,
"Rashard Higgins","WR","CLE",2555468,1994-10-07,44.125,44.125,44.125,,115,0.6875,0,-145.458333333333,351,160.485,0.11,190.515,2,,,,
"Kenny Britt","WR","NE",71217,1988-09-19,42.75,42.75,42.75,,117,1.75,0,-146.833333333333,353,200.63,1.15666666666667,152.37,9,,,,
"Mack Hollins","WR","PHI",2558262,1993-09-16,41.625,41.625,41.625,,118,1.375,0,-147.958333333333,354,195.433333333333,0.19,158.566666666667,1,,,,
"Cody Latimer","WR","NYG",2543590,1992-10-10,40.375,40.375,40.375,,119,0.875,0,-149.208333333333,355,213.22,0.18,141.78,4,,,,
"Jakeem Grant","WR","MIA",2556190,1992-10-30,40.125,40.125,40.125,,120,2,0,-149.458333333333,356,160.475,0.305,195.525,2,,,,
"Jordan Taylor","WR","DEN",2553606,1992-02-18,38.875,38.875,38.875,,121,1.625,0,-150.708333333333,357,150.98,0.15,206.02,3,,,,
"Antonio Callaway","WR","CLE",2560988,1997-01-09,37.375,37.375,37.375,,122,0.4375,0,-152.208333333333,358,175.763333333333,0.826666666666667,182.236666666667,0,,,,
"Justin Hardy","WR","ATL",2552418,1991-12-18,37.125,37.125,37.125,,123,2.25,0,-152.458333333333,359,160.465,0.44,198.535,3,,,,
"Breshad Perriman","WR","BAL",2552597,1993-09-10,36.75,36.75,36.75,,124,3.8125,0,-152.833333333333,360,160.47,0.413333333333333,199.53,3,,,,
"Deon Cain","WR","IND",2560987,1996-08-09,33,33,33,,125,1.75,0,-156.583333333333,361,178.736666666667,0.565,182.263333333333,0,,,,
"DeAngelo Yancey","WR","GB",2558025,1994-11-18,32.875,32.875,32.875,,126,3.5,0,-156.708333333333,362,150.99,1.065,211.01,1,,,,
"AJ McCarron","QB","BUF",2543497,1990-09-13,95.6,95.6,95.6,,32,17.95,0,-156.766666666667,363,189.993333333333,1.35666666666667,173.006666666667,4,,,,
"Michael Campanaro","WR","TEN",2550163,1991-01-25,29.625,29.625,29.625,,127,1.5625,0,-159.958333333333,364,160.495,0.09,203.505,4,,,,
"Josh Reynolds","WR","LAR",2558194,1995-02-16,29.125,29.125,29.125,,128,2.125,0,-160.458333333333,365,157.333333333333,0.5875,207.666666666667,1,,,,
"Phillip Dorsett","WR","NE",2552424,1993-01-05,27,27,27,,129,1.4375,0,-162.583333333333,366,199.96,0.453333333333333,166.04,3,,,,
"Tanner McEvoy","WR","SEA",2556612,1993-01-26,27,27,27,,129,3,0,-162.583333333333,366,150.99,0.575,215.01,2,,,,
"Damiere Byrd","WR","CAR",2553499,1993-01-27,24.125,24.125,24.125,,131,0.5625,0,-165.458333333333,368,160.49,0.085,207.51,3,,,,
"Darrius Heyward-Bey","WR","PIT",80427,1987-02-26,23.875,23.875,23.875,,132,0.625,0,-165.708333333333,369,160.46,0.386666666666667,208.54,9,,,,
"Alex Erickson","WR","CIN",2556519,1992-11-06,23.25,23.25,23.25,,133,0.5,0,-166.333333333333,370,150.99,0.24,219.01,2,,,,
"Brian Quick","WR","WAS",2532933,1989-06-05,23.25,23.25,23.25,,133,0,0,-166.333333333333,370,150.96,0.15,219.04,6,,,,
"Kevin White","WR","CHI",2553432,1992-06-25,23.25,23.25,23.25,,133,0.125,0,-166.333333333333,370,185.403333333333,0.573333333333333,184.596666666667,3,,,,
"Deonte Thompson","WR","DAL",2534436,1989-02-14,23,23,23,,136,1.3125,0,-166.583333333333,373,157.313333333333,0.165,215.686666666667,6,,,,
"Tavarres King","WR","MIN",2539235,1990-07-14,22.5,22.5,22.5,,137,3.0625,0,-167.083333333333,374,150.99,0.555,223.01,5,,,,
"Josh Allen","QB","BUF",2560955,1996-05-21,84,84,84,,33,13.98,0,-168.366666666667,375,166.2,2.40333333333333,208.8,0,,,,
"Chris Conley","WR","KC",2552652,1992-10-25,20.875,20.875,20.875,,138,2.9375,0,-168.708333333333,376,209.15,0.52,166.85,3,,,,
"ArDarius Stewart","WR","NYJ",2558150,1993-12-08,18,18,18,,139,0.4375,0,-171.583333333333,377,157.32,0.105,219.68,1,,,,
"Amara Darboh","WR","SEA",2557905,1994-02-01,17.875,17.875,17.875,,140,0.625,0,-171.708333333333,378,201.386666666667,0.185,176.613333333333,1,,,,
"Chris Moore","WR","BAL",2555209,1993-06-16,17.25,17.25,17.25,,141,0,0,-172.333333333333,379,160.49,0.08,218.51,2,,,,
"Leonte Carroo","WR","MIA",2555215,1994-01-24,17.25,17.25,17.25,,141,0.5,0,-172.333333333333,379,155.7425,0.135,223.2575,2,,,,
"Ryan Switzer","WR","OAK",2557960,1994-11-04,17.25,17.25,17.25,,141,1,0,-172.333333333333,379,208.383333333333,0.44,170.616666666667,1,,,,
"Keke Coutee","WR","HOU",2561029,1997-01-14,16.25,16.25,16.25,,144,0.9375,0,-173.333333333333,382,176.926666666667,0.56,205.073333333333,0,,,,
"Tajae Sharpe","WR","TEN",2555317,1994-12-23,16.25,16.25,16.25,,144,0.3125,0,-173.333333333333,382,160.48,0.416666666666667,221.52,2,,,,
"Jehu Chesson","WR","KC",2557866,1993-12-29,15.625,15.625,15.625,,146,0.625,0,-173.958333333333,384,157.32,0.1,226.68,1,,,,
"Johnny Holton","WR","OAK",2556805,1991-08-22,15,15,15,,147,,0,-174.583333333333,385,150.99,0.17,234.01,2,,,,
"Baker Mayfield","QB","CLE",2560800,1995-04-14,71.3,71.3,71.3,,34,8.04000000000001,0,-181.066666666667,386,154.046666666667,3.80333333333333,231.953333333333,0,,,,
"Josh Rosen","QB","ARI",2560858,1997-02-10,68.74,68.74,68.74,,35,13.38,0,-183.626666666667,387,157.416666666667,3.37,229.583333333333,0,,,,
"Ryan Fitzpatrick","QB","TB",2506581,1982-11-24,57.78,57.78,57.78,,36,5.90000000000001,0,-194.586666666667,388,189.533333333333,0.45,198.466666666667,13,,,,
"Nick Foles","QB","PHI",2532842,1989-01-20,52.94,52.94,52.94,,37,4.66,0,-199.426666666667,389,180.096666666667,0.626666666666667,208.903333333333,6,,,,
"Sam Darnold","QB","NYJ",2561036,1997-06-05,50.82,50.82,50.82,,38,12.48,0,-201.546666666667,390,159.74,2.84,230.26,0,,,,
"Jacoby Brissett","QB","IND",2555261,1992-12-11,45.74,45.74,45.74,,39,18.32,0,-206.626666666667,391,192.3,0.85,198.7,2,,,,
"Brandon Weeden","QB","HOU",2532970,1983-10-14,30.94,30.94,30.94,,40,7.24,0,-221.426666666667,392,170,0.105,222,6,,,,
"Lamar Jackson","QB","BAL",2560757,1997-01-07,23.9,23.9,23.9,,41,0.699999999999996,0,-228.466666666667,393,153.86,3.29,239.14,0,,,,
"Blaine Gabbert","QB","TEN",2495441,1989-10-15,23.5,23.5,23.5,,42,4.77,0,-228.866666666667,394,160.47,0.1,233.53,7,,,,
"Chase Daniel","QB","CHI",81284,1986-10-07,22.9,22.9,22.9,,43,9.41,0,-229.466666666667,395,170,0.07,225,9,,,,
"Landry Jones","QB","PIT",2539287,1989-04-04,14.56,14.56,14.56,,44,2.73,0,-237.806666666667,396,160.495,0.085,235.505,5,,,,
"Matt Barkley","QB","CIN",2539308,1990-09-08,12.42,12.42,12.42,,45,1.38,0,-239.946666666667,397,160.485,0.39,236.515,5,,,,
"Brock Osweiler","QB","MIA",2533436,1990-11-22,11.24,11.24,11.24,,46,2.62,0,-241.126666666667,398,160.465,0.4,237.535,6,,,,
"Colt McCoy","QB","WAS",497123,1986-09-05,10.84,10.84,10.84,,47,4.54,0,-241.526666666667,399,160.49,0.376666666666667,238.51,8,,,,
"Davis Webb","QB","NYG",2557897,1995-01-22,6.4,6.4,6.4,,48,0.460000000000001,0,-245.966666666667,400,226.415,0.12,173.585,1,,,,
"Austin Davis","QB","SEA",2533349,1989-06-02,6.2,6.2,6.2,,49,0.52,0,-246.166666666667,401,160.495,1.39,240.505,6,,,,
"Sean Mannion","QB","LAR",2552576,1992-04-25,5.68,5.68,5.68,,50,,0,-246.686666666667,402,170,0.1,232,3,,,,
"Adam Vinatieri","K","IND",2503471,1972-12-28,28,28,28,,24,0.5,0,,427,136.834,0.98,290.166,22,,,,
"Aldrick Rosas","K","NYG",2556771,1994-12-30,31,31,31,,16,2,0,,420,160.42,0.476666666666667,259.58,2,,,,
"Brandon McManus","K","DEN",2541556,1991-07-25,29,29,29,,19,0,0,,423,159.775,0.513333333333333,263.225,4,,,,
"Cairo Santos","K","NYJ",2550636,1991-11-21,29,29,29,,19,1,0,,425,158.586666666667,0.503333333333333,266.413333333333,4,,,,
"Caleb Sturgis","K","LAC",2539637,1989-08-09,35,35,35,,6,1,0,,411,160.44,0.5,250.56,5,,,,
"Chandler Catanzaro","K","TB",2550325,1991-02-26,31,31,31,,16,0,0,,418,160.225,0.486666666666667,257.775,4,,,,
"Chris Boswell","K","PIT",2550545,1989-12-16,34,34,34,,10,1,0,,413,145.4,1.12,267.6,4,,,,
"Cody Parkey","K","CHI",2550380,1992-02-19,29,29,29,,19,0.5,0,,424,160.39,0.486666666666667,263.61,4,,,,
"Dan Bailey","K","DAL",2495259,1988-01-26,35,35,35,,6,0,0,,408,124.088,1.12,283.912,7,,,,
"Dustin Hopkins","K","WAS",2539227,1990-10-01,29,29,29,,19,0,0,,422,160.21,0.59,261.79,5,,,,
"Eddy Pineiro","K","OAK",2560842,,27,27,27,,27,3,0,,431,160.445,0.48,270.555,0,,,,
"Graham Gano","K","CAR",71309,1987-04-09,27,27,27,,27,0,0,,429,172.7,0.526666666666667,256.3,9,,,,
"Greg Zuerlein","K","LAR",2534797,1987-12-27,38,38,38,,4,2,0,,406,93.414,2.41333333333333,312.586,6,,,,
"Harrison Butker","K","KC",2558245,1995-07-14,32,32,32,,14,1,0,,417,118.858,1.07333333333333,298.142,1,,,,
"Jake Elliott","K","PHI",2558172,1995-01-21,40,40,40,,3,2.5,1,,405,117.45,1.06333333333333,287.55,1,,,,
"Jason Sanders","K","MIA",2561153,,28,28,28,,24,1,0,,428,160.45,0.453333333333333,267.55,0,,,,
"Josh Lambo","K","JAC",2553833,1990-11-19,32,32,32,,14,0.5,0,,416,159.975,0.483333333333333,256.025,3,,,,
"Justin Tucker","K","BAL",2536340,1989-11-21,34,34,34,,10,0.5,0,,412,96.396,1.93333333333333,315.604,6,,,,
"Kai Forbath","K","MIN",2495150,1987-09-02,28,28,28,,24,0,0,,426,120.9175,0.523333333333333,305.0825,7,,,,
"Kaimi Fairbairn","K","HOU",2556521,1994-01-29,31,31,31,,16,1,0,,419,160.365,0.463333333333333,258.635,2,,,,
"Mason Crosby","K","GB",2507232,1984-09-03,41,41,41,,2,2,1,,404,129.206,0.616666666666667,274.794,11,,,,
"Matt Bryant","K","ATL",2504797,1975-05-29,35,35,35,,6,0,0,,409,110.596,1.18,298.404,16,,,,
"Matt Prater","K","DET",2506677,1984-08-10,35,35,35,,6,0.5,0,,410,121.81,0.936666666666667,288.19,12,,,,
"Phil Dawson","K","ARI",2500351,1975-01-23,26,26,26,,30,4,0,,432,160.365,0.466666666666667,271.635,20,,,,
"Randy Bullock","K","CIN",2533444,1989-12-16,33,33,33,,12,1,0,,415,160.455,0.225,254.545,6,,,,
"Robbie Gould","K","SF",2506264,1982-12-06,22,22,22,,31,0,0,,433,125.666,1.02333333333333,307.334,13,,,,
"Ryan Succop","K","TEN",89802,1986-09-19,29,29,29,,19,0,0,,421,158.43,0.513333333333333,262.57,9,,,,
"Sebastian Janikowski","K","SEA",2504257,1978-03-02,33,33,33,,12,0.5,0,,414,159.6,0.463333333333333,254.4,18,,,,
"Stephen Gostkowski","K","NE",2506922,1984-01-28,45,45,45,,1,4.5,1,,403,93.102,2.93,309.898,12,,,,
"Steven Hauschka","K","BUF",2507374,1985-06-29,22,22,22,,31,,0,,434,148.54,0.91,285.46,2018,,,,
"Wil Lutz","K","NO",2556601,1994-07-07,37,37,37,,5,2,0,,407,111.696,1.17333333333333,295.304,2,,,,
"Zane Gonzalez","K","CLE",2558178,1995-05-07,27,27,27,,27,0.5,0,,430,160.425,0.546666666666667,269.575,1,,,,
