"Index","Close.GAS"
"2018-03-28 04:00:00",18.83
"2018-03-28 05:00:00",18.9
"2018-03-28 06:00:00",19
"2018-03-28 07:00:00",18.94
"2018-03-28 08:00:00",18.95
"2018-03-28 09:00:00",19.46
"2018-03-28 10:00:00",19.58
"2018-03-28 11:00:00",19.61
"2018-03-28 12:00:00",19.77
"2018-03-28 13:00:00",19.82
"2018-03-28 14:00:00",18.78
"2018-03-28 15:00:00",18.57
"2018-03-28 16:00:00",18.64
"2018-03-28 17:00:00",18.87
"2018-03-28 18:00:00",18.76
"2018-03-28 19:00:00",18.8
"2018-03-28 20:00:00",18.75
"2018-03-28 21:00:00",18.9
"2018-03-28 22:00:00",18.88
"2018-03-28 23:00:00",18.86
"2018-03-29 00:00:00",18.87
"2018-03-29 01:00:00",18.69
"2018-03-29 02:00:00",18.66
"2018-03-29 03:00:00",18.39
"2018-03-29 04:00:00",17.71
"2018-03-29 05:00:00",17.59
"2018-03-29 06:00:00",17.55
"2018-03-29 07:00:00",17.36
"2018-03-29 08:00:00",17.28
"2018-03-29 09:00:00",17.38
"2018-03-29 10:00:00",17.11
"2018-03-29 11:00:00",17
"2018-03-29 12:00:00",16.93
"2018-03-29 13:00:00",16.86
"2018-03-29 14:00:00",16.78
"2018-03-29 15:00:00",16.94
"2018-03-29 16:00:00",17.55
"2018-03-29 17:00:00",17.12
"2018-03-29 18:00:00",17.11
"2018-03-29 19:00:00",16.87
"2018-03-29 20:00:00",16.3
"2018-03-29 21:00:00",16.52
"2018-03-29 22:00:00",16.95
"2018-03-29 23:00:00",16.68
"2018-03-30 00:00:00",15.98
"2018-03-30 01:00:00",15.82
"2018-03-30 02:00:00",15.61
"2018-03-30 03:00:00",16.01
"2018-03-30 04:00:00",15.65
"2018-03-30 05:00:00",16.59
"2018-03-30 06:00:00",16.08
"2018-03-30 07:00:00",16.61
"2018-03-30 08:00:00",16.41
"2018-03-30 09:00:00",16.03
"2018-03-30 10:00:00",15.62
"2018-03-30 11:00:00",15.8
"2018-03-30 12:00:00",16.05
"2018-03-30 13:00:00",15.72
"2018-03-30 14:00:00",15.67
"2018-03-30 15:00:00",15.6
"2018-03-30 16:00:00",15.47
"2018-03-30 17:00:00",15.46
"2018-03-30 18:00:00",15.63
"2018-03-30 19:00:00",15.86
"2018-03-30 20:00:00",15.89
"2018-03-30 21:00:00",16.13
"2018-03-30 22:00:00",15.74
"2018-03-30 23:00:00",15.83
"2018-03-31 00:00:00",16.39
"2018-03-31 01:00:00",16.6
"2018-03-31 02:00:00",16.61
"2018-03-31 03:00:00",16.23
"2018-03-31 04:00:00",16.42
"2018-03-31 05:00:00",16.05
"2018-03-31 06:00:00",15.87
"2018-03-31 07:00:00",15.82
"2018-03-31 08:00:00",16.02
"2018-03-31 09:00:00",16.19
"2018-03-31 10:00:00",16.44
"2018-03-31 11:00:00",16.39
"2018-03-31 12:00:00",16.5
"2018-03-31 13:00:00",16.05
"2018-03-31 14:00:00",16.15
"2018-03-31 15:00:00",16.13
"2018-03-31 16:00:00",16.42
"2018-03-31 17:00:00",16.35
"2018-03-31 18:00:00",16.03
"2018-03-31 19:00:00",16.04
"2018-03-31 20:00:00",15.72
"2018-03-31 21:00:00",15.79
"2018-03-31 22:00:00",15.84
"2018-03-31 23:00:00",15.78
"2018-04-01 00:00:00",15.88
"2018-04-01 01:00:00",16.11
"2018-04-01 02:00:00",15.9
"2018-04-01 03:00:00",15.6
"2018-04-01 04:00:00",15.59
"2018-04-01 05:00:00",15.53
"2018-04-01 06:00:00",15.35
"2018-04-01 07:00:00",15.08
"2018-04-01 08:00:00",15.11
"2018-04-01 09:00:00",15.21
"2018-04-01 10:00:00",15.08
"2018-04-01 11:00:00",15
"2018-04-01 12:00:00",14.89
"2018-04-01 13:00:00",14.58
"2018-04-01 14:00:00",14.44
"2018-04-01 15:00:00",14.29
"2018-04-01 16:00:00",15.3
"2018-04-01 17:00:00",15.47
"2018-04-01 18:00:00",15.25
"2018-04-01 19:00:00",15.42
"2018-04-01 20:00:00",15.44
"2018-04-01 21:00:00",15.27
"2018-04-01 22:00:00",15.31
"2018-04-01 23:00:00",15.27
"2018-04-02 00:00:00",15.61
"2018-04-02 01:00:00",15.34
"2018-04-02 02:00:00",15.34
"2018-04-02 03:00:00",15.21
"2018-04-02 04:00:00",14.99
"2018-04-02 05:00:00",15.32
"2018-04-02 06:00:00",15.63
"2018-04-02 07:00:00",15.54
"2018-04-02 08:00:00",15.71
"2018-04-02 09:00:00",15.87
"2018-04-02 10:00:00",15.92
"2018-04-02 11:00:00",15.89
"2018-04-02 12:00:00",15.76
"2018-04-02 13:00:00",15.74
"2018-04-02 14:00:00",15.45
"2018-04-02 15:00:00",15.64
"2018-04-02 16:00:00",15.68
"2018-04-02 17:00:00",15.7
"2018-04-02 18:00:00",15.68
"2018-04-02 19:00:00",15.59
"2018-04-02 20:00:00",15.41
"2018-04-02 21:00:00",15.52
"2018-04-02 22:00:00",15.82
"2018-04-02 23:00:00",15.88
"2018-04-03 00:00:00",15.82
"2018-04-03 01:00:00",15.8
"2018-04-03 02:00:00",16.13
"2018-04-03 03:00:00",16.13
"2018-04-03 04:00:00",16.33
"2018-04-03 05:00:00",16.26
"2018-04-03 06:00:00",16.3
"2018-04-03 07:00:00",16.69
"2018-04-03 08:00:00",16.7
"2018-04-03 09:00:00",16.85
"2018-04-03 10:00:00",16.75
"2018-04-03 11:00:00",16.7
"2018-04-03 12:00:00",16.76
"2018-04-03 13:00:00",17.21
"2018-04-03 14:00:00",16.96
"2018-04-03 15:00:00",17.14
"2018-04-03 16:00:00",17.48
"2018-04-03 17:00:00",17.54
"2018-04-03 18:00:00",17.74
"2018-04-03 19:00:00",17.47
"2018-04-03 20:00:00",17.33
"2018-04-03 21:00:00",17.33
"2018-04-03 22:00:00",17.29
"2018-04-03 23:00:00",17.26
"2018-04-04 00:00:00",17.27
"2018-04-04 01:00:00",17.13
"2018-04-04 02:00:00",16.84
"2018-04-04 03:00:00",16.6
"2018-04-04 04:00:00",16.46
"2018-04-04 05:00:00",16.59
"2018-04-04 06:00:00",16.41
"2018-04-04 07:00:00",16.34
"2018-04-04 08:00:00",16.34
"2018-04-04 09:00:00",15.77
"2018-04-04 10:00:00",15.79
"2018-04-04 11:00:00",15.68
"2018-04-04 12:00:00",15.46
"2018-04-04 13:00:00",15.67
"2018-04-04 14:00:00",15.25
"2018-04-04 15:00:00",15.07
"2018-04-04 16:00:00",15.3
"2018-04-04 17:00:00",15.2
"2018-04-04 18:00:00",15.36
"2018-04-04 19:00:00",15.3
"2018-04-04 20:00:00",15.24
"2018-04-04 21:00:00",15.24
"2018-04-04 22:00:00",15.06
"2018-04-04 23:00:00",15.16
"2018-04-05 00:00:00",14.95
"2018-04-05 01:00:00",14.76
"2018-04-05 02:00:00",14.84
"2018-04-05 03:00:00",15.04
"2018-04-05 04:00:00",15.17
"2018-04-05 05:00:00",15.16
"2018-04-05 06:00:00",14.92
"2018-04-05 07:00:00",15
"2018-04-05 08:00:00",15.13
"2018-04-05 09:00:00",15.13
"2018-04-05 10:00:00",14.99
"2018-04-05 11:00:00",15.05
"2018-04-05 12:00:00",14.77
"2018-04-05 13:00:00",15.04
"2018-04-05 14:00:00",14.88
"2018-04-05 15:00:00",14.84
"2018-04-05 16:00:00",14.84
"2018-04-05 17:00:00",14.8
"2018-04-05 18:00:00",14.78
"2018-04-05 19:00:00",14.92
"2018-04-05 20:00:00",14.88
"2018-04-05 21:00:00",14.89
"2018-04-05 22:00:00",15.25
"2018-04-05 23:00:00",15.09
"2018-04-06 00:00:00",15.16
"2018-04-06 01:00:00",15.06
"2018-04-06 02:00:00",15.02
"2018-04-06 03:00:00",14.89
"2018-04-06 04:00:00",14.9
"2018-04-06 05:00:00",14.83
"2018-04-06 06:00:00",14.45
"2018-04-06 07:00:00",14.53
"2018-04-06 08:00:00",14.47
"2018-04-06 09:00:00",14.46
"2018-04-06 10:00:00",14.25
"2018-04-06 11:00:00",14.51
"2018-04-06 12:00:00",14.43
"2018-04-06 13:00:00",14.38
"2018-04-06 14:00:00",14.34
"2018-04-06 15:00:00",14.28
"2018-04-06 16:00:00",14.27
"2018-04-06 17:00:00",14.38
"2018-04-06 18:00:00",14.34
"2018-04-06 19:00:00",14.4
"2018-04-06 20:00:00",14.35
"2018-04-06 21:00:00",14.39
"2018-04-06 22:00:00",14.24
"2018-04-06 23:00:00",14.4
"2018-04-07 00:00:00",14.5
"2018-04-07 01:00:00",14.94
"2018-04-07 02:00:00",14.84
"2018-04-07 03:00:00",14.73
"2018-04-07 04:00:00",14.8
"2018-04-07 05:00:00",14.69
"2018-04-07 06:00:00",14.84
"2018-04-07 07:00:00",14.94
"2018-04-07 08:00:00",14.97
"2018-04-07 09:00:00",14.85
"2018-04-07 10:00:00",14.81
"2018-04-07 11:00:00",14.81
"2018-04-07 12:00:00",14.87
"2018-04-07 13:00:00",14.81
"2018-04-07 14:00:00",14.72
"2018-04-07 15:00:00",15.17
"2018-04-07 16:00:00",15.21
"2018-04-07 17:00:00",15.08
"2018-04-07 18:00:00",15.04
"2018-04-07 19:00:00",14.98
"2018-04-07 20:00:00",15
"2018-04-07 21:00:00",14.97
"2018-04-07 22:00:00",15.02
"2018-04-07 23:00:00",14.75
"2018-04-08 00:00:00",14.8
"2018-04-08 01:00:00",14.73
"2018-04-08 02:00:00",14.72
"2018-04-08 03:00:00",14.77
"2018-04-08 04:00:00",14.81
"2018-04-08 05:00:00",14.75
"2018-04-08 06:00:00",14.75
"2018-04-08 07:00:00",14.78
"2018-04-08 08:00:00",14.9
"2018-04-08 09:00:00",14.8
"2018-04-08 10:00:00",14.66
"2018-04-08 11:00:00",14.91
"2018-04-08 12:00:00",15.1
"2018-04-08 13:00:00",15.03
"2018-04-08 14:00:00",14.96
"2018-04-08 15:00:00",14.98
"2018-04-08 16:00:00",14.92
"2018-04-08 17:00:00",14.94
"2018-04-08 18:00:00",14.98
"2018-04-08 19:00:00",14.93
"2018-04-08 20:00:00",14.85
"2018-04-08 21:00:00",14.98
"2018-04-08 22:00:00",15.17
"2018-04-08 23:00:00",15.33
"2018-04-09 00:00:00",15.55
"2018-04-09 01:00:00",15.88
"2018-04-09 02:00:00",17.18
"2018-04-09 03:00:00",16.55
"2018-04-09 04:00:00",17.2
"2018-04-09 05:00:00",16.94
"2018-04-09 06:00:00",17.45
"2018-04-09 07:00:00",16.89
"2018-04-09 08:00:00",16.78
"2018-04-09 09:00:00",16.63
"2018-04-09 10:00:00",15.77
"2018-04-09 11:00:00",14.89
"2018-04-09 12:00:00",14.94
"2018-04-09 13:00:00",14.89
"2018-04-09 14:00:00",14.86
"2018-04-09 15:00:00",15.01
"2018-04-09 16:00:00",15.4
"2018-04-09 17:00:00",15.3
"2018-04-09 18:00:00",15.13
"2018-04-09 19:00:00",15.25
"2018-04-09 20:00:00",14.99
"2018-04-09 21:00:00",15.09
"2018-04-09 22:00:00",15
"2018-04-09 23:00:00",15.11
"2018-04-10 00:00:00",15.25
"2018-04-10 01:00:00",15.47
"2018-04-10 02:00:00",15.45
"2018-04-10 03:00:00",15.52
"2018-04-10 04:00:00",15.2
"2018-04-10 05:00:00",15.26
"2018-04-10 06:00:00",15.06
"2018-04-10 07:00:00",15.16
"2018-04-10 08:00:00",15.3
"2018-04-10 09:00:00",15.29
"2018-04-10 10:00:00",15.27
"2018-04-10 11:00:00",15.23
"2018-04-10 12:00:00",15.21
"2018-04-10 13:00:00",15.25
"2018-04-10 14:00:00",15.31
"2018-04-10 15:00:00",15.42
"2018-04-10 16:00:00",15.31
"2018-04-10 17:00:00",15.69
"2018-04-10 18:00:00",15.77
"2018-04-10 19:00:00",15.59
"2018-04-10 20:00:00",15.47
"2018-04-10 21:00:00",15.54
"2018-04-10 22:00:00",15.49
"2018-04-10 23:00:00",15.64
"2018-04-11 00:00:00",15.67
"2018-04-11 01:00:00",15.91
"2018-04-11 02:00:00",15.98
"2018-04-11 03:00:00",15.94
"2018-04-11 04:00:00",15.89
"2018-04-11 05:00:00",16.03
"2018-04-11 06:00:00",16.06
"2018-04-11 07:00:00",16.11
"2018-04-11 08:00:00",16.11
"2018-04-11 09:00:00",16
"2018-04-11 10:00:00",15.86
"2018-04-11 11:00:00",15.88
"2018-04-11 12:00:00",15.9
"2018-04-11 13:00:00",16.08
"2018-04-11 14:00:00",16.04
"2018-04-11 15:00:00",16.12
"2018-04-11 16:00:00",16.44
"2018-04-11 17:00:00",16.49
"2018-04-11 18:00:00",16.51
"2018-04-11 19:00:00",16.64
"2018-04-11 20:00:00",16.75
"2018-04-11 21:00:00",16.57
"2018-04-11 22:00:00",16.83
"2018-04-11 23:00:00",16.87
"2018-04-12 00:00:00",17.01
"2018-04-12 01:00:00",17.04
"2018-04-12 02:00:00",16.91
"2018-04-12 03:00:00",16.95
"2018-04-12 04:00:00",16.99
"2018-04-12 05:00:00",16.69
"2018-04-12 06:00:00",16.25
"2018-04-12 07:00:00",16.31
"2018-04-12 08:00:00",16.45
"2018-04-12 09:00:00",16.43
"2018-04-12 10:00:00",16.7
"2018-04-12 11:00:00",18.62
"2018-04-12 12:00:00",17.88
"2018-04-12 13:00:00",17.89
"2018-04-12 14:00:00",17.97
"2018-04-12 15:00:00",17.67
"2018-04-12 16:00:00",17.69
"2018-04-12 17:00:00",17.73
"2018-04-12 18:00:00",17.88
"2018-04-12 19:00:00",17.89
"2018-04-12 20:00:00",18.08
"2018-04-12 21:00:00",18.69
"2018-04-12 22:00:00",18.7
"2018-04-12 23:00:00",18.76
"2018-04-13 00:00:00",18.87
"2018-04-13 01:00:00",18.62
"2018-04-13 02:00:00",18.86
"2018-04-13 03:00:00",18.82
"2018-04-13 04:00:00",18.8
"2018-04-13 05:00:00",18.7
"2018-04-13 06:00:00",18.58
"2018-04-13 07:00:00",19.2
"2018-04-13 08:00:00",19.23
"2018-04-13 09:00:00",19.16
"2018-04-13 10:00:00",18.97
"2018-04-13 11:00:00",19.23
"2018-04-13 12:00:00",19.47
"2018-04-13 13:00:00",19.14
"2018-04-13 14:00:00",19.12
"2018-04-13 15:00:00",19.19
"2018-04-13 16:00:00",19.2
"2018-04-13 17:00:00",19.12
"2018-04-13 18:00:00",19.14
"2018-04-13 19:00:00",19.12
"2018-04-13 20:00:00",18.65
"2018-04-13 21:00:00",18.52
"2018-04-13 22:00:00",18.51
"2018-04-13 23:00:00",18.25
"2018-04-14 00:00:00",18.15
"2018-04-14 01:00:00",18.69
"2018-04-14 02:00:00",18.68
"2018-04-14 03:00:00",18.6
"2018-04-14 04:00:00",18.43
"2018-04-14 05:00:00",18.33
"2018-04-14 06:00:00",18.33
"2018-04-14 07:00:00",18.74
"2018-04-14 08:00:00",18.83
"2018-04-14 09:00:00",18.68
"2018-04-14 10:00:00",18.55
"2018-04-14 11:00:00",18.54
"2018-04-14 12:00:00",18.38
"2018-04-14 13:00:00",18.47
"2018-04-14 14:00:00",18.45
"2018-04-14 15:00:00",18.27
"2018-04-14 16:00:00",18.35
"2018-04-14 17:00:00",18.2
"2018-04-14 18:00:00",18.31
"2018-04-14 19:00:00",18.69
"2018-04-14 20:00:00",19
"2018-04-14 21:00:00",18.99
"2018-04-14 22:00:00",19.14
"2018-04-14 23:00:00",19.05
"2018-04-15 00:00:00",19.2
"2018-04-15 01:00:00",19.3
"2018-04-15 02:00:00",19.27
"2018-04-15 03:00:00",19.16
"2018-04-15 04:00:00",19.23
"2018-04-15 05:00:00",19.31
"2018-04-15 06:00:00",19.38
"2018-04-15 07:00:00",19.28
"2018-04-15 08:00:00",19.4
"2018-04-15 09:00:00",19.31
"2018-04-15 10:00:00",19.33
"2018-04-15 11:00:00",19.78
"2018-04-15 12:00:00",20.19
"2018-04-15 13:00:00",20.36
"2018-04-15 14:00:00",20.37
"2018-04-15 15:00:00",20.5
"2018-04-15 16:00:00",20.24
"2018-04-15 17:00:00",20.54
"2018-04-15 18:00:00",20.8
"2018-04-15 19:00:00",20.75
"2018-04-15 20:00:00",20.56
"2018-04-15 21:00:00",20.59
"2018-04-15 22:00:00",20.5
"2018-04-15 23:00:00",20.72
"2018-04-16 00:00:00",20.86
"2018-04-16 01:00:00",20.87
"2018-04-16 02:00:00",20.32
"2018-04-16 03:00:00",20.14
"2018-04-16 04:00:00",19.95
"2018-04-16 05:00:00",19.64
"2018-04-16 06:00:00",19.66
"2018-04-16 07:00:00",20.04
"2018-04-16 08:00:00",20.28
"2018-04-16 09:00:00",20.27
"2018-04-16 10:00:00",19.98
"2018-04-16 11:00:00",19.95
"2018-04-16 12:00:00",19.51
"2018-04-16 13:00:00",19.43
"2018-04-16 14:00:00",19.46
"2018-04-16 15:00:00",19.36
"2018-04-16 16:00:00",19.36
"2018-04-16 17:00:00",19.59
"2018-04-16 18:00:00",19.68
"2018-04-16 19:00:00",19.59
"2018-04-16 20:00:00",19.55
"2018-04-16 21:00:00",19.5
"2018-04-16 22:00:00",19.54
"2018-04-16 23:00:00",19.73
"2018-04-17 00:00:00",19.77
"2018-04-17 01:00:00",19.7
"2018-04-17 02:00:00",19.67
"2018-04-17 03:00:00",19.56
"2018-04-17 04:00:00",19.58
"2018-04-17 05:00:00",19.48
"2018-04-17 06:00:00",19.56
"2018-04-17 07:00:00",20.17
"2018-04-17 08:00:00",20.31
"2018-04-17 09:00:00",20.56
"2018-04-17 10:00:00",20.16
"2018-04-17 11:00:00",20.2
"2018-04-17 12:00:00",20.14
"2018-04-17 13:00:00",20.11
"2018-04-17 14:00:00",20.12
"2018-04-17 15:00:00",20.03
"2018-04-17 16:00:00",20.1
"2018-04-17 17:00:00",20.21
"2018-04-17 18:00:00",19.81
"2018-04-17 19:00:00",19.56
"2018-04-17 20:00:00",19.64
"2018-04-17 21:00:00",19.63
"2018-04-17 22:00:00",19.61
"2018-04-17 23:00:00",19.61
"2018-04-18 00:00:00",19.66
"2018-04-18 01:00:00",19.74
"2018-04-18 02:00:00",19.82
"2018-04-18 03:00:00",19.87
"2018-04-18 04:00:00",19.58
"2018-04-18 05:00:00",19.82
"2018-04-18 06:00:00",20.34
"2018-04-18 07:00:00",20.7
"2018-04-18 08:00:00",20.4
"2018-04-18 09:00:00",20.45
"2018-04-18 10:00:00",20.42
"2018-04-18 11:00:00",20.6
"2018-04-18 12:00:00",20.75
"2018-04-18 13:00:00",20.68
"2018-04-18 14:00:00",20.35
"2018-04-18 15:00:00",20.48
"2018-04-18 16:00:00",20.99
"2018-04-18 17:00:00",21.18
"2018-04-18 18:00:00",21.18
"2018-04-18 19:00:00",21.28
"2018-04-18 20:00:00",21.57
"2018-04-18 21:00:00",21.57
"2018-04-18 22:00:00",21.73
"2018-04-18 23:00:00",21.82
"2018-04-19 00:00:00",21.95
"2018-04-19 01:00:00",22.19
"2018-04-19 02:00:00",22.25
"2018-04-19 03:00:00",22.44
"2018-04-19 04:00:00",22.09
"2018-04-19 05:00:00",22.17
"2018-04-19 06:00:00",22.41
"2018-04-19 07:00:00",22.07
"2018-04-19 08:00:00",22.06
"2018-04-19 09:00:00",22.17
"2018-04-19 10:00:00",22.02
"2018-04-19 11:00:00",21.88
"2018-04-19 12:00:00",22.2
"2018-04-19 13:00:00",22.33
"2018-04-19 14:00:00",22.42
"2018-04-19 15:00:00",23.2
"2018-04-19 16:00:00",22.93
"2018-04-19 17:00:00",23.03
"2018-04-19 18:00:00",23.19
"2018-04-19 19:00:00",23.18
"2018-04-19 20:00:00",23
"2018-04-19 21:00:00",23.22
"2018-04-19 22:00:00",23.2
"2018-04-19 23:00:00",23.2
"2018-04-20 00:00:00",23.43
"2018-04-20 01:00:00",23.62
"2018-04-20 02:00:00",23.84
"2018-04-20 03:00:00",23.49
"2018-04-20 04:00:00",23.28
"2018-04-20 05:00:00",23
"2018-04-20 06:00:00",23.19
"2018-04-20 07:00:00",23.28
"2018-04-20 08:00:00",23.17
"2018-04-20 09:00:00",23.18
"2018-04-20 10:00:00",23.78
"2018-04-20 11:00:00",24
"2018-04-20 12:00:00",24.18
"2018-04-20 13:00:00",24.38
"2018-04-20 14:00:00",23.98
"2018-04-20 15:00:00",23.88
"2018-04-20 16:00:00",24.08
"2018-04-20 17:00:00",24.3
"2018-04-20 18:00:00",25.01
"2018-04-20 19:00:00",24.5
"2018-04-20 20:00:00",24.68
"2018-04-20 21:00:00",25.32
"2018-04-20 22:00:00",26.41
"2018-04-20 23:00:00",25.82
"2018-04-21 00:00:00",25.96
"2018-04-21 01:00:00",25.4
"2018-04-21 02:00:00",24.99
"2018-04-21 03:00:00",25.17
"2018-04-21 04:00:00",26.11
"2018-04-21 05:00:00",25.87
"2018-04-21 06:00:00",25.93
"2018-04-21 07:00:00",25.73
"2018-04-21 08:00:00",25.44
"2018-04-21 09:00:00",24.57
"2018-04-21 10:00:00",24.99
"2018-04-21 11:00:00",24.86
"2018-04-21 12:00:00",24.46
"2018-04-21 13:00:00",24.26
"2018-04-21 14:00:00",24.44
"2018-04-21 15:00:00",25.4
"2018-04-21 16:00:00",25.32
"2018-04-21 17:00:00",24.27
"2018-04-21 18:00:00",24.19
"2018-04-21 19:00:00",24.17
"2018-04-21 20:00:00",24.13
"2018-04-21 21:00:00",24.06
"2018-04-21 22:00:00",23.81
"2018-04-21 23:00:00",24.28
"2018-04-22 00:00:00",24.14
"2018-04-22 01:00:00",24.05
"2018-04-22 02:00:00",24.15
"2018-04-22 03:00:00",25.01
"2018-04-22 04:00:00",24.63
"2018-04-22 05:00:00",24.51
"2018-04-22 06:00:00",24.74
"2018-04-22 07:00:00",24.5
"2018-04-22 08:00:00",24.69
"2018-04-22 09:00:00",25.14
"2018-04-22 10:00:00",25.94
"2018-04-22 11:00:00",26.06
"2018-04-22 12:00:00",25.63
"2018-04-22 13:00:00",25.39
"2018-04-22 14:00:00",26.73
"2018-04-22 15:00:00",25.97
"2018-04-22 16:00:00",25.83
"2018-04-22 17:00:00",25.83
"2018-04-22 18:00:00",25.92
"2018-04-22 19:00:00",26.09
"2018-04-22 20:00:00",26.01
"2018-04-22 21:00:00",26.26
"2018-04-22 22:00:00",26.17
"2018-04-22 23:00:00",25.98
"2018-04-23 00:00:00",26.76
"2018-04-23 01:00:00",26.57
"2018-04-23 02:00:00",26.49
"2018-04-23 03:00:00",26.73
"2018-04-23 04:00:00",27.19
"2018-04-23 05:00:00",27.81
"2018-04-23 06:00:00",28.06
"2018-04-23 07:00:00",28.82
"2018-04-23 08:00:00",29.25
"2018-04-23 09:00:00",28.85
"2018-04-23 10:00:00",28.79
"2018-04-23 11:00:00",28.84
"2018-04-23 12:00:00",28.31
"2018-04-23 13:00:00",28.3
"2018-04-23 14:00:00",28.26
"2018-04-23 15:00:00",28.35
"2018-04-23 16:00:00",28.42
"2018-04-23 17:00:00",28.35
"2018-04-23 18:00:00",28.43
"2018-04-23 19:00:00",27.9
"2018-04-23 20:00:00",28.43
"2018-04-23 21:00:00",28.44
"2018-04-23 22:00:00",28.56
"2018-04-23 23:00:00",28.89
"2018-04-24 00:00:00",29.4
"2018-04-24 01:00:00",29.75
"2018-04-24 02:00:00",30.01
"2018-04-24 03:00:00",29.66
"2018-04-24 04:00:00",30.03
"2018-04-24 05:00:00",29.96
"2018-04-24 06:00:00",29.85
"2018-04-24 07:00:00",29.58
"2018-04-24 08:00:00",29.63
"2018-04-24 09:00:00",29.71
"2018-04-24 10:00:00",29.75
"2018-04-24 11:00:00",29.79
"2018-04-24 12:00:00",30.92
"2018-04-24 13:00:00",30.55
"2018-04-24 14:00:00",30.13
"2018-04-24 15:00:00",30.44
"2018-04-24 16:00:00",30.46
"2018-04-24 17:00:00",30.69
"2018-04-24 18:00:00",30.77
"2018-04-24 19:00:00",31.12
"2018-04-24 20:00:00",31.11
"2018-04-24 21:00:00",30.91
"2018-04-24 22:00:00",31.36
"2018-04-24 23:00:00",31.14
"2018-04-25 00:00:00",30.55
"2018-04-25 01:00:00",29.46
"2018-04-25 02:00:00",29.35
"2018-04-25 03:00:00",28.26
"2018-04-25 04:00:00",27.31
"2018-04-25 05:00:00",27.14
"2018-04-25 06:00:00",27.4
"2018-04-25 07:00:00",27.76
"2018-04-25 08:00:00",27.4
"2018-04-25 09:00:00",27.07
"2018-04-25 10:00:00",26.07
"2018-04-25 11:00:00",25.85
"2018-04-25 12:00:00",26.21
"2018-04-25 13:00:00",25.79
"2018-04-25 14:00:00",24.77
"2018-04-25 15:00:00",25.74
"2018-04-25 16:00:00",25.59
"2018-04-25 17:00:00",26.21
"2018-04-25 18:00:00",26.45
"2018-04-25 19:00:00",26.23
"2018-04-25 20:00:00",27.14
"2018-04-25 21:00:00",27.57
"2018-04-25 22:00:00",26.55
"2018-04-25 23:00:00",25.79
"2018-04-26 00:00:00",25.41
"2018-04-26 01:00:00",25.63
"2018-04-26 02:00:00",25.89
"2018-04-26 03:00:00",25.74
"2018-04-26 04:00:00",26.06
"2018-04-26 05:00:00",26.02
"2018-04-26 06:00:00",25.64
"2018-04-26 07:00:00",26.15
"2018-04-26 08:00:00",25.64
"2018-04-26 09:00:00",25.79
"2018-04-26 10:00:00",26.02
"2018-04-26 11:00:00",26.13
"2018-04-26 12:00:00",26.39
"2018-04-26 13:00:00",26.18
"2018-04-26 14:00:00",26.2
"2018-04-26 15:00:00",26.19
"2018-04-26 16:00:00",26.85
"2018-04-26 17:00:00",26.4
"2018-04-26 18:00:00",26.32
"2018-04-26 19:00:00",26.31
"2018-04-26 20:00:00",27.16
"2018-04-26 21:00:00",27.17
"2018-04-26 22:00:00",27.63
"2018-04-26 23:00:00",30.07
"2018-04-27 00:00:00",28.57
"2018-04-27 01:00:00",28.95
"2018-04-27 02:00:00",28.47
"2018-04-27 03:00:00",27.93
"2018-04-27 04:00:00",27.55
"2018-04-27 05:00:00",27.49
"2018-04-27 06:00:00",27.59
"2018-04-27 07:00:00",27.93
"2018-04-27 08:00:00",28.01
"2018-04-27 09:00:00",27.96
"2018-04-27 10:00:00",28.23
"2018-04-27 11:00:00",28.06
"2018-04-27 12:00:00",27.97
"2018-04-27 13:00:00",27.74
"2018-04-27 14:00:00",27.58
"2018-04-27 15:00:00",27.29
"2018-04-27 16:00:00",27.43
"2018-04-27 17:00:00",27.39
"2018-04-27 18:00:00",27.33
"2018-04-27 19:00:00",26.99
"2018-04-27 20:00:00",26.3
"2018-04-27 21:00:00",26.14
"2018-04-27 22:00:00",26.23
"2018-04-27 23:00:00",25.81
"2018-04-28 00:00:00",25.75
"2018-04-28 01:00:00",26.41
"2018-04-28 02:00:00",26.36
"2018-04-28 03:00:00",26.73
"2018-04-28 04:00:00",26.8
"2018-04-28 05:00:00",26.93
"2018-04-28 06:00:00",27.1
"2018-04-28 07:00:00",26.93
"2018-04-28 08:00:00",27.29
"2018-04-28 09:00:00",27.15
"2018-04-28 10:00:00",27.17
"2018-04-28 11:00:00",26.91
"2018-04-28 12:00:00",27.32
"2018-04-28 13:00:00",27.42
"2018-04-28 14:00:00",27.37
"2018-04-28 15:00:00",27.47
"2018-04-28 16:00:00",27.32
"2018-04-28 17:00:00",27.75
"2018-04-28 18:00:00",27.97
"2018-04-28 19:00:00",27.79
"2018-04-28 20:00:00",27.48
"2018-04-28 21:00:00",27.38
"2018-04-28 22:00:00",27.73
"2018-04-28 23:00:00",27.71
"2018-04-29 00:00:00",28
"2018-04-29 01:00:00",28.52
"2018-04-29 02:00:00",28.98
"2018-04-29 03:00:00",28.93
"2018-04-29 04:00:00",29.28
"2018-04-29 05:00:00",28.57
"2018-04-29 06:00:00",29.12
"2018-04-29 07:00:00",29.11
"2018-04-29 08:00:00",28.47
"2018-04-29 09:00:00",27.94
"2018-04-29 10:00:00",27.78
"2018-04-29 11:00:00",27.7
"2018-04-29 12:00:00",28.72
"2018-04-29 13:00:00",29.91
"2018-04-29 14:00:00",30.15
"2018-04-29 15:00:00",30.24
"2018-04-29 16:00:00",30.3
"2018-04-29 17:00:00",31.03
"2018-04-29 18:00:00",30.79
"2018-04-29 19:00:00",31.09
"2018-04-29 20:00:00",31.21
"2018-04-29 21:00:00",31.98
"2018-04-29 22:00:00",31.95
"2018-04-29 23:00:00",31.79
"2018-04-30 00:00:00",32.63
"2018-04-30 01:00:00",32.51
"2018-04-30 02:00:00",32.8
"2018-04-30 03:00:00",31.53
"2018-04-30 04:00:00",30.45
"2018-04-30 05:00:00",32.04
"2018-04-30 06:00:00",32.16
"2018-04-30 07:00:00",31.75
"2018-04-30 08:00:00",31.01
"2018-04-30 09:00:00",31.03
"2018-04-30 10:00:00",31.08
"2018-04-30 11:00:00",31.29
"2018-04-30 12:00:00",31.44
"2018-04-30 13:00:00",31.51
"2018-04-30 14:00:00",31.2
"2018-04-30 15:00:00",31.03
"2018-04-30 16:00:00",30.9
"2018-04-30 17:00:00",30.9
"2018-04-30 18:00:00",30.92
"2018-04-30 19:00:00",30.57
"2018-04-30 20:00:00",30.35
"2018-04-30 21:00:00",30.1
"2018-04-30 22:00:00",29.53
"2018-04-30 23:00:00",29.78
"2018-05-01 00:00:00",28.89
"2018-05-01 01:00:00",29.51
"2018-05-01 02:00:00",28.61
"2018-05-01 03:00:00",27.99
"2018-05-01 04:00:00",27.87
"2018-05-01 05:00:00",27.99
"2018-05-01 06:00:00",28.5
"2018-05-01 07:00:00",28.91
"2018-05-01 08:00:00",29.18
"2018-05-01 09:00:00",29.3
"2018-05-01 10:00:00",29.22
"2018-05-01 11:00:00",29.12
"2018-05-01 12:00:00",28.79
"2018-05-01 13:00:00",28.4
"2018-05-01 14:00:00",28.9
"2018-05-01 15:00:00",28.89
"2018-05-01 16:00:00",29.13
"2018-05-01 17:00:00",29.16
"2018-05-01 18:00:00",29.19
"2018-05-01 19:00:00",28.96
"2018-05-01 20:00:00",29.24
"2018-05-01 21:00:00",29.67
"2018-05-01 22:00:00",29.56
"2018-05-01 23:00:00",29.5
"2018-05-02 00:00:00",29.49
"2018-05-02 01:00:00",29.12
"2018-05-02 02:00:00",29.29
"2018-05-02 03:00:00",29.32
"2018-05-02 04:00:00",29.62
"2018-05-02 05:00:00",29.45
"2018-05-02 06:00:00",29.58
"2018-05-02 07:00:00",29.97
"2018-05-02 08:00:00",29.95
"2018-05-02 09:00:00",29.85
"2018-05-02 10:00:00",30.1
"2018-05-02 11:00:00",30.09
"2018-05-02 12:00:00",30.06
"2018-05-02 13:00:00",29.65
"2018-05-02 14:00:00",29.66
"2018-05-02 15:00:00",29.98
"2018-05-02 16:00:00",29.86
"2018-05-02 17:00:00",29.57
"2018-05-02 18:00:00",29.65
"2018-05-02 19:00:00",29.64
"2018-05-02 20:00:00",29.79
"2018-05-02 21:00:00",30.18
"2018-05-02 22:00:00",30.34
"2018-05-02 23:00:00",30.09
"2018-05-03 00:00:00",30.02
"2018-05-03 01:00:00",30.41
"2018-05-03 02:00:00",30.49
"2018-05-03 03:00:00",30.97
"2018-05-03 04:00:00",31.58
"2018-05-03 05:00:00",30.72
"2018-05-03 06:00:00",30.74
"2018-05-03 07:00:00",30.92
"2018-05-03 08:00:00",30.72
"2018-05-03 09:00:00",30.54
"2018-05-03 10:00:00",31.06
"2018-05-03 11:00:00",31.13
"2018-05-03 12:00:00",31.56
"2018-05-03 13:00:00",32.29
"2018-05-03 14:00:00",32.2
"2018-05-03 15:00:00",32.82
"2018-05-03 16:00:00",33.57
"2018-05-03 17:00:00",33.92
"2018-05-03 18:00:00",33.46
"2018-05-03 19:00:00",33.18
"2018-05-03 20:00:00",33.33
"2018-05-03 21:00:00",35.42
"2018-05-03 22:00:00",35.75
"2018-05-03 23:00:00",35.19
"2018-05-04 00:00:00",34.15
"2018-05-04 01:00:00",35.32
"2018-05-04 02:00:00",35.39
"2018-05-04 03:00:00",35.17
"2018-05-04 04:00:00",36.59
"2018-05-04 05:00:00",38.7
"2018-05-04 06:00:00",36.92
"2018-05-04 07:00:00",36.71
"2018-05-04 08:00:00",35.55
"2018-05-04 09:00:00",35.03
"2018-05-04 10:00:00",34.9
"2018-05-04 11:00:00",35.05
"2018-05-04 12:00:00",34.84
"2018-05-04 13:00:00",34.52
"2018-05-04 14:00:00",33.75
"2018-05-04 15:00:00",33.5
"2018-05-04 16:00:00",32.91
"2018-05-04 17:00:00",32.88
"2018-05-04 18:00:00",32.84
"2018-05-04 19:00:00",33.32
"2018-05-04 20:00:00",33.12
"2018-05-04 21:00:00",33.04
"2018-05-04 22:00:00",33.05
"2018-05-04 23:00:00",33.26
"2018-05-05 00:00:00",33.64
"2018-05-05 01:00:00",33.7
"2018-05-05 02:00:00",33.8
"2018-05-05 03:00:00",33.6
"2018-05-05 04:00:00",33.27
"2018-05-05 05:00:00",33.04
"2018-05-05 06:00:00",33.18
"2018-05-05 07:00:00",33.28
"2018-05-05 08:00:00",33.51
"2018-05-05 09:00:00",33.18
"2018-05-05 10:00:00",33.45
"2018-05-05 11:00:00",33.12
"2018-05-05 12:00:00",33.06
"2018-05-05 13:00:00",32.8
"2018-05-05 14:00:00",32.53
"2018-05-05 15:00:00",32.22
"2018-05-05 16:00:00",32.46
"2018-05-05 17:00:00",32.12
"2018-05-05 18:00:00",32.35
"2018-05-05 19:00:00",32.52
"2018-05-05 20:00:00",32.05
"2018-05-05 21:00:00",32.06
"2018-05-05 22:00:00",32.03
"2018-05-05 23:00:00",32.1
"2018-05-06 00:00:00",32.72
"2018-05-06 01:00:00",33.17
"2018-05-06 02:00:00",33.14
"2018-05-06 03:00:00",33.3
"2018-05-06 04:00:00",32.89
"2018-05-06 05:00:00",33.04
"2018-05-06 06:00:00",32.39
"2018-05-06 07:00:00",31.47
"2018-05-06 08:00:00",30.95
"2018-05-06 09:00:00",30.63
"2018-05-06 10:00:00",30.92
"2018-05-06 11:00:00",30.7
"2018-05-06 12:00:00",30.68
"2018-05-06 13:00:00",30.84
"2018-05-06 14:00:00",30.88
"2018-05-06 15:00:00",30.7
"2018-05-06 16:00:00",31.84
"2018-05-06 17:00:00",32.07
"2018-05-06 18:00:00",32.57
"2018-05-06 19:00:00",32.17
"2018-05-06 20:00:00",31.73
"2018-05-06 21:00:00",31.84
"2018-05-06 22:00:00",32.3
"2018-05-06 23:00:00",32.84
"2018-05-07 00:00:00",32.7
"2018-05-07 01:00:00",31.51
"2018-05-07 02:00:00",31.06
"2018-05-07 03:00:00",30.98
"2018-05-07 04:00:00",31.36
"2018-05-07 05:00:00",33.73
"2018-05-07 06:00:00",36.65
"2018-05-07 07:00:00",33.95
"2018-05-07 08:00:00",33.28
"2018-05-07 09:00:00",32.74
"2018-05-07 10:00:00",32.91
"2018-05-07 11:00:00",33.23
"2018-05-07 12:00:00",32.71
"2018-05-07 13:00:00",32.69
"2018-05-07 14:00:00",32.39
"2018-05-07 15:00:00",33.53
"2018-05-07 16:00:00",34.06
"2018-05-07 17:00:00",33.37
"2018-05-07 18:00:00",33.32
"2018-05-07 19:00:00",33.64
"2018-05-07 20:00:00",33.7
"2018-05-07 21:00:00",33.6
"2018-05-07 22:00:00",33.47
"2018-05-07 23:00:00",33.57
"2018-05-08 00:00:00",33.43
"2018-05-08 01:00:00",33.63
"2018-05-08 02:00:00",33.61
"2018-05-08 03:00:00",33.41
"2018-05-08 04:00:00",34.26
"2018-05-08 05:00:00",34
"2018-05-08 06:00:00",33.36
"2018-05-08 07:00:00",33.2
"2018-05-08 08:00:00",33.11
"2018-05-08 09:00:00",32.71
"2018-05-08 10:00:00",32.42
"2018-05-08 11:00:00",31.73
"2018-05-08 12:00:00",31.45
"2018-05-08 13:00:00",31.62
"2018-05-08 14:00:00",31.46
"2018-05-08 15:00:00",31.81
"2018-05-08 16:00:00",31.73
"2018-05-08 17:00:00",33.66
"2018-05-08 18:00:00",33.98
"2018-05-08 19:00:00",33.53
"2018-05-08 20:00:00",33.26
"2018-05-08 21:00:00",33
"2018-05-08 22:00:00",32.69
"2018-05-08 23:00:00",32.72
"2018-05-09 00:00:00",33.6
"2018-05-09 01:00:00",33.05
"2018-05-09 02:00:00",32.36
"2018-05-09 03:00:00",31.46
"2018-05-09 04:00:00",31.39
"2018-05-09 05:00:00",31.34
"2018-05-09 06:00:00",31.53
"2018-05-09 07:00:00",31.55
"2018-05-09 08:00:00",31.73
"2018-05-09 09:00:00",31.76
"2018-05-09 10:00:00",33.01
"2018-05-09 11:00:00",32.75
"2018-05-09 12:00:00",32.6
"2018-05-09 13:00:00",32.68
"2018-05-09 14:00:00",32.86
"2018-05-09 15:00:00",32.63
"2018-05-09 16:00:00",32.77
"2018-05-09 17:00:00",33.26
"2018-05-09 18:00:00",32.64
"2018-05-09 19:00:00",32.19
"2018-05-09 20:00:00",31.95
"2018-05-09 21:00:00",31.93
"2018-05-09 22:00:00",32.18
"2018-05-09 23:00:00",32.08
"2018-05-10 00:00:00",31.5
"2018-05-10 01:00:00",31.7
"2018-05-10 02:00:00",30.95
"2018-05-10 03:00:00",30.83
"2018-05-10 04:00:00",31.12
"2018-05-10 05:00:00",31.6
"2018-05-10 06:00:00",31.64
"2018-05-10 07:00:00",31.78
"2018-05-10 08:00:00",31.65
"2018-05-10 09:00:00",31.57
"2018-05-10 10:00:00",31.68
"2018-05-10 11:00:00",31.85
"2018-05-10 12:00:00",32.07
"2018-05-10 13:00:00",31.95
"2018-05-10 14:00:00",31.59
"2018-05-10 15:00:00",31.56
"2018-05-10 16:00:00",31.42
"2018-05-10 17:00:00",30.6
"2018-05-10 18:00:00",30.22
"2018-05-10 19:00:00",30.12
"2018-05-10 20:00:00",30.12
"2018-05-10 21:00:00",30.22
"2018-05-10 22:00:00",29.99
"2018-05-10 23:00:00",29.64
"2018-05-11 00:00:00",28.96
"2018-05-11 01:00:00",29.06
"2018-05-11 02:00:00",28.9
"2018-05-11 03:00:00",29.07
"2018-05-11 04:00:00",29.27
"2018-05-11 05:00:00",29.33
"2018-05-11 06:00:00",28.66
"2018-05-11 07:00:00",27.06
"2018-05-11 08:00:00",27.19
"2018-05-11 09:00:00",26.38
"2018-05-11 10:00:00",26.43
"2018-05-11 11:00:00",25.9
"2018-05-11 12:00:00",25.86
"2018-05-11 13:00:00",25.89
"2018-05-11 14:00:00",26.28
"2018-05-11 15:00:00",26.54
"2018-05-11 16:00:00",26.87
"2018-05-11 17:00:00",26.81
"2018-05-11 18:00:00",26.6
"2018-05-11 19:00:00",26.94
"2018-05-11 20:00:00",26.21
"2018-05-11 21:00:00",25.4
"2018-05-11 22:00:00",25.86
"2018-05-11 23:00:00",25.9
"2018-05-12 00:00:00",26
"2018-05-12 01:00:00",25.9
"2018-05-12 02:00:00",25.82
"2018-05-12 03:00:00",25.67
"2018-05-12 04:00:00",25.38
"2018-05-12 05:00:00",24.96
"2018-05-12 06:00:00",23.92
"2018-05-12 07:00:00",23.94
"2018-05-12 08:00:00",24
"2018-05-12 09:00:00",24.87
"2018-05-12 10:00:00",25.55
"2018-05-12 11:00:00",25.91
"2018-05-12 12:00:00",26.46
"2018-05-12 13:00:00",26.35
"2018-05-12 14:00:00",26.08
"2018-05-12 15:00:00",25.17
"2018-05-12 16:00:00",24.86
"2018-05-12 17:00:00",24.93
"2018-05-12 18:00:00",25.09
"2018-05-12 19:00:00",25.42
"2018-05-12 20:00:00",25.26
"2018-05-12 21:00:00",25.19
"2018-05-12 22:00:00",25.28
"2018-05-12 23:00:00",25.44
"2018-05-13 00:00:00",25.4
"2018-05-13 01:00:00",25.46
"2018-05-13 02:00:00",25.4
"2018-05-13 03:00:00",25.52
"2018-05-13 04:00:00",25.25
"2018-05-13 05:00:00",25.3
"2018-05-13 06:00:00",25.41
"2018-05-13 07:00:00",25.46
"2018-05-13 08:00:00",25.62
"2018-05-13 09:00:00",26.04
"2018-05-13 10:00:00",25.9
"2018-05-13 11:00:00",26
"2018-05-13 12:00:00",26.32
"2018-05-13 13:00:00",26.46
"2018-05-13 14:00:00",26.8
"2018-05-13 15:00:00",26.82
"2018-05-13 16:00:00",26.79
"2018-05-13 17:00:00",26.7
"2018-05-13 18:00:00",26.87
"2018-05-13 19:00:00",26.78
"2018-05-13 20:00:00",27.02
"2018-05-13 21:00:00",26.81
"2018-05-13 22:00:00",27.04
"2018-05-13 23:00:00",26.82
"2018-05-14 00:00:00",26.71
"2018-05-14 01:00:00",26.52
"2018-05-14 02:00:00",26.36
"2018-05-14 03:00:00",25.42
"2018-05-14 04:00:00",25.21
"2018-05-14 05:00:00",25.16
"2018-05-14 06:00:00",25.04
"2018-05-14 07:00:00",25.08
"2018-05-14 08:00:00",25.29
"2018-05-14 09:00:00",25.25
"2018-05-14 10:00:00",25.23
"2018-05-14 11:00:00",25.17
"2018-05-14 12:00:00",25.23
"2018-05-14 13:00:00",26.15
"2018-05-14 14:00:00",27.07
"2018-05-14 15:00:00",27.19
"2018-05-14 16:00:00",27.31
"2018-05-14 17:00:00",27.22
"2018-05-14 18:00:00",27.09
"2018-05-14 19:00:00",26.89
"2018-05-14 20:00:00",27.02
"2018-05-14 21:00:00",26.65
"2018-05-14 22:00:00",26.3
"2018-05-14 23:00:00",26.33
"2018-05-15 00:00:00",26.24
"2018-05-15 01:00:00",26.32
"2018-05-15 02:00:00",26.39
"2018-05-15 03:00:00",26.63
"2018-05-15 04:00:00",26.59
"2018-05-15 05:00:00",26.8
"2018-05-15 06:00:00",26.88
"2018-05-15 07:00:00",27.02
"2018-05-15 08:00:00",27.07
"2018-05-15 09:00:00",26.9
"2018-05-15 10:00:00",27.14
"2018-05-15 11:00:00",26.73
"2018-05-15 12:00:00",26.75
"2018-05-15 13:00:00",26.54
"2018-05-15 14:00:00",25.73
"2018-05-15 15:00:00",25.58
"2018-05-15 16:00:00",25.58
"2018-05-15 17:00:00",25.52
"2018-05-15 18:00:00",25.19
"2018-05-15 19:00:00",24.86
"2018-05-15 20:00:00",25.04
"2018-05-15 21:00:00",24.9
"2018-05-15 22:00:00",24.49
"2018-05-15 23:00:00",24.37
"2018-05-16 00:00:00",24.42
"2018-05-16 01:00:00",23.97
"2018-05-16 02:00:00",23.07
"2018-05-16 03:00:00",23.01
"2018-05-16 04:00:00",23.3
"2018-05-16 05:00:00",23.32
"2018-05-16 06:00:00",23.3
"2018-05-16 07:00:00",23.59
"2018-05-16 08:00:00",23.48
"2018-05-16 09:00:00",23.42
"2018-05-16 10:00:00",24.17
"2018-05-16 11:00:00",24.15
"2018-05-16 12:00:00",24.12
"2018-05-16 13:00:00",23.65
"2018-05-16 14:00:00",23.44
"2018-05-16 15:00:00",23.38
"2018-05-16 16:00:00",23.53
"2018-05-16 17:00:00",23.77
"2018-05-16 18:00:00",23.67
"2018-05-16 19:00:00",23.43
"2018-05-16 20:00:00",23.54
"2018-05-16 21:00:00",23.48
"2018-05-16 22:00:00",23.53
"2018-05-16 23:00:00",23.85
"2018-05-17 00:00:00",23.97
"2018-05-17 01:00:00",24.15
"2018-05-17 02:00:00",24.45
"2018-05-17 03:00:00",24.18
"2018-05-17 04:00:00",24.16
"2018-05-17 05:00:00",24.22
"2018-05-17 06:00:00",24.04
"2018-05-17 07:00:00",23.91
"2018-05-17 08:00:00",23.95
"2018-05-17 09:00:00",23.92
"2018-05-17 10:00:00",23.92
"2018-05-17 11:00:00",23.84
"2018-05-17 12:00:00",23.8
"2018-05-17 13:00:00",23.79
"2018-05-17 14:00:00",23.65
"2018-05-17 15:00:00",23.42
"2018-05-17 16:00:00",23.32
"2018-05-17 17:00:00",23.07
"2018-05-17 18:00:00",22.79
"2018-05-17 19:00:00",22.67
"2018-05-17 20:00:00",22.85
"2018-05-17 21:00:00",22.69
"2018-05-17 22:00:00",22.16
"2018-05-17 23:00:00",21.8
"2018-05-18 00:00:00",21.38
"2018-05-18 01:00:00",21.71
"2018-05-18 02:00:00",21.74
"2018-05-18 03:00:00",21.79
"2018-05-18 04:00:00",22
"2018-05-18 05:00:00",22.07
"2018-05-18 06:00:00",21.91
"2018-05-18 07:00:00",22.38
"2018-05-18 08:00:00",22.57
"2018-05-18 09:00:00",22.57
"2018-05-18 10:00:00",22.64
"2018-05-18 11:00:00",22.54
"2018-05-18 12:00:00",22.54
"2018-05-18 13:00:00",22.37
"2018-05-18 14:00:00",22.05
"2018-05-18 15:00:00",21.89
"2018-05-18 16:00:00",22.09
"2018-05-18 17:00:00",22.02
"2018-05-18 18:00:00",22.24
"2018-05-18 19:00:00",22.59
"2018-05-18 20:00:00",22.66
"2018-05-18 21:00:00",22.67
"2018-05-18 22:00:00",22.63
"2018-05-18 23:00:00",22.93
"2018-05-19 00:00:00",22.91
"2018-05-19 01:00:00",22.73
"2018-05-19 02:00:00",22.61
"2018-05-19 03:00:00",22.71
"2018-05-19 04:00:00",22.68
"2018-05-19 05:00:00",22.68
"2018-05-19 06:00:00",22.48
"2018-05-19 07:00:00",22.33
"2018-05-19 08:00:00",22.4
"2018-05-19 09:00:00",22.21
"2018-05-19 10:00:00",22.31
"2018-05-19 11:00:00",22.77
"2018-05-19 12:00:00",22.86
"2018-05-19 13:00:00",22.85
"2018-05-19 14:00:00",23.17
"2018-05-19 15:00:00",23.2
"2018-05-19 16:00:00",23.12
"2018-05-19 17:00:00",23.17
"2018-05-19 18:00:00",23.19
"2018-05-19 19:00:00",23.17
"2018-05-19 20:00:00",23.08
"2018-05-19 21:00:00",22.92
"2018-05-19 22:00:00",22.82
"2018-05-19 23:00:00",22.77
"2018-05-20 00:00:00",22.63
"2018-05-20 01:00:00",22.72
"2018-05-20 02:00:00",22.98
"2018-05-20 03:00:00",23.09
"2018-05-20 04:00:00",23.11
"2018-05-20 05:00:00",23.11
"2018-05-20 06:00:00",23.02
"2018-05-20 07:00:00",23.04
"2018-05-20 08:00:00",23.09
"2018-05-20 09:00:00",23.42
"2018-05-20 10:00:00",23.43
"2018-05-20 11:00:00",23.3
"2018-05-20 12:00:00",23.18
"2018-05-20 13:00:00",23.23
"2018-05-20 14:00:00",23.37
"2018-05-20 15:00:00",23.4
"2018-05-20 16:00:00",23.92
"2018-05-20 17:00:00",24.2
"2018-05-20 18:00:00",24.32
"2018-05-20 19:00:00",24.35
"2018-05-20 20:00:00",23.92
"2018-05-20 21:00:00",24.07
"2018-05-20 22:00:00",24.04
"2018-05-20 23:00:00",24.24
"2018-05-21 00:00:00",24.11
"2018-05-21 01:00:00",24.09
"2018-05-21 02:00:00",24.2
"2018-05-21 03:00:00",24.15
"2018-05-21 04:00:00",24.28
"2018-05-21 05:00:00",24.42
"2018-05-21 06:00:00",24.62
"2018-05-21 07:00:00",24.6
"2018-05-21 08:00:00",24.55
"2018-05-21 09:00:00",24.46
"2018-05-21 10:00:00",24.01
"2018-05-21 11:00:00",24.02
"2018-05-21 12:00:00",24.05
"2018-05-21 13:00:00",24.22
"2018-05-21 14:00:00",23.98
"2018-05-21 15:00:00",23.67
"2018-05-21 16:00:00",23.46
"2018-05-21 17:00:00",23.39
"2018-05-21 18:00:00",23.35
"2018-05-21 19:00:00",23.72
"2018-05-21 20:00:00",23.96
"2018-05-21 21:00:00",23.77
"2018-05-21 22:00:00",23.75
"2018-05-21 23:00:00",23.84
"2018-05-22 00:00:00",23.65
"2018-05-22 01:00:00",23.36
"2018-05-22 02:00:00",23.06
"2018-05-22 03:00:00",23.1
"2018-05-22 04:00:00",22.87
"2018-05-22 05:00:00",22.9
"2018-05-22 06:00:00",23
"2018-05-22 07:00:00",22.98
"2018-05-22 08:00:00",22.87
"2018-05-22 09:00:00",22.64
"2018-05-22 10:00:00",22.63
"2018-05-22 11:00:00",23.2
"2018-05-22 12:00:00",22.27
"2018-05-22 13:00:00",22.34
"2018-05-22 14:00:00",22.41
"2018-05-22 15:00:00",22.42
"2018-05-22 16:00:00",22.36
"2018-05-22 17:00:00",22.33
"2018-05-22 18:00:00",22.34
"2018-05-22 19:00:00",22.3
"2018-05-22 20:00:00",22.11
"2018-05-22 21:00:00",21.72
"2018-05-22 22:00:00",21.46
"2018-05-22 23:00:00",21.4
"2018-05-23 00:00:00",21.19
"2018-05-23 01:00:00",21.04
"2018-05-23 02:00:00",20.8
"2018-05-23 03:00:00",20.94
"2018-05-23 04:00:00",20.69
"2018-05-23 05:00:00",20.73
"2018-05-23 06:00:00",20.85
"2018-05-23 07:00:00",20.63
"2018-05-23 08:00:00",20.5
"2018-05-23 09:00:00",19.87
"2018-05-23 10:00:00",20.06
"2018-05-23 11:00:00",19.92
"2018-05-23 12:00:00",20.17
"2018-05-23 13:00:00",20.04
"2018-05-23 14:00:00",20
"2018-05-23 15:00:00",19.08
"2018-05-23 16:00:00",18.59
"2018-05-23 17:00:00",18.27
"2018-05-23 18:00:00",18.4
"2018-05-23 19:00:00",19.03
"2018-05-23 20:00:00",19.11
"2018-05-23 21:00:00",19.31
"2018-05-23 22:00:00",19.05
"2018-05-23 23:00:00",18.73
"2018-05-24 00:00:00",18.84
"2018-05-24 01:00:00",19.02
"2018-05-24 02:00:00",19.1
"2018-05-24 03:00:00",19.26
"2018-05-24 04:00:00",19.58
"2018-05-24 05:00:00",19.77
"2018-05-24 06:00:00",19.7
"2018-05-24 07:00:00",19.36
"2018-05-24 08:00:00",19.17
"2018-05-24 09:00:00",18.71
"2018-05-24 10:00:00",18.72
"2018-05-24 11:00:00",18.66
"2018-05-24 12:00:00",18.99
"2018-05-24 13:00:00",19.12
"2018-05-24 14:00:00",19.13
"2018-05-24 15:00:00",19.34
"2018-05-24 16:00:00",19.3
"2018-05-24 17:00:00",19.25
"2018-05-24 18:00:00",19.39
"2018-05-24 19:00:00",19.63
"2018-05-24 20:00:00",19.5
"2018-05-24 21:00:00",19.4
"2018-05-24 22:00:00",19.71
"2018-05-24 23:00:00",19.86
"2018-05-25 00:00:00",19.67
"2018-05-25 01:00:00",19.73
"2018-05-25 02:00:00",19.93
"2018-05-25 03:00:00",20.27
"2018-05-25 04:00:00",19.97
"2018-05-25 05:00:00",20.09
"2018-05-25 06:00:00",19.73
"2018-05-25 07:00:00",19.42
"2018-05-25 08:00:00",19.39
"2018-05-25 09:00:00",19.31
"2018-05-25 10:00:00",19.21
"2018-05-25 11:00:00",19.45
"2018-05-25 12:00:00",19.66
"2018-05-25 13:00:00",19.45
"2018-05-25 14:00:00",19.43
"2018-05-25 15:00:00",19.42
"2018-05-25 16:00:00",19.32
"2018-05-25 17:00:00",19.27
"2018-05-25 18:00:00",19.05
"2018-05-25 19:00:00",19.03
"2018-05-25 20:00:00",19.06
"2018-05-25 21:00:00",18.88
"2018-05-25 22:00:00",18.74
"2018-05-25 23:00:00",18.87
"2018-05-26 00:00:00",18.82
"2018-05-26 01:00:00",18.72
"2018-05-26 02:00:00",18.66
"2018-05-26 03:00:00",18.76
"2018-05-26 04:00:00",18.6
"2018-05-26 05:00:00",18.71
"2018-05-26 06:00:00",18.75
"2018-05-26 07:00:00",19.14
"2018-05-26 08:00:00",19.29
"2018-05-26 09:00:00",19.27
"2018-05-26 10:00:00",19.28
"2018-05-26 11:00:00",19.31
"2018-05-26 12:00:00",19.27
"2018-05-26 13:00:00",19.27
"2018-05-26 14:00:00",19.25
"2018-05-26 15:00:00",19.33
"2018-05-26 16:00:00",19.31
"2018-05-26 17:00:00",19.35
"2018-05-26 18:00:00",19.31
"2018-05-26 19:00:00",19.25
"2018-05-26 20:00:00",19.28
"2018-05-26 21:00:00",19.12
"2018-05-26 22:00:00",18.86
"2018-05-26 23:00:00",18.79
"2018-05-27 00:00:00",18.69
"2018-05-27 01:00:00",18.63
"2018-05-27 02:00:00",18.71
"2018-05-27 03:00:00",18.68
"2018-05-27 04:00:00",18.71
"2018-05-27 05:00:00",18.59
"2018-05-27 06:00:00",18.63
"2018-05-27 07:00:00",18.72
"2018-05-27 08:00:00",18.65
"2018-05-27 09:00:00",18.6
"2018-05-27 10:00:00",18.76
"2018-05-27 11:00:00",18.71
"2018-05-27 12:00:00",18.64
"2018-05-27 13:00:00",18.59
"2018-05-27 14:00:00",18.69
"2018-05-27 15:00:00",18.62
"2018-05-27 16:00:00",18.66
"2018-05-27 17:00:00",18.65
"2018-05-27 18:00:00",18.51
"2018-05-27 19:00:00",18.55
"2018-05-27 20:00:00",18.55
"2018-05-27 21:00:00",18.48
"2018-05-27 22:00:00",18.49
"2018-05-27 23:00:00",18.41
"2018-05-28 00:00:00",18.52
"2018-05-28 01:00:00",18.53
"2018-05-28 02:00:00",18.52
"2018-05-28 03:00:00",18.51
"2018-05-28 04:00:00",18.27
"2018-05-28 05:00:00",17.66
"2018-05-28 06:00:00",17.63
"2018-05-28 07:00:00",17.84
"2018-05-28 08:00:00",17.8
"2018-05-28 09:00:00",17.8
"2018-05-28 10:00:00",18.05
"2018-05-28 11:00:00",17.94
"2018-05-28 12:00:00",17.98
"2018-05-28 13:00:00",18.01
"2018-05-28 14:00:00",17.93
"2018-05-28 15:00:00",17.8
"2018-05-28 16:00:00",17.75
"2018-05-28 17:00:00",17.82
"2018-05-28 18:00:00",17.77
"2018-05-28 19:00:00",17.87
"2018-05-28 20:00:00",17.79
"2018-05-28 21:00:00",17.68
"2018-05-28 22:00:00",17.59
"2018-05-28 23:00:00",17.48
"2018-05-29 00:00:00",17.58
"2018-05-29 01:00:00",17.6
"2018-05-29 02:00:00",17.63
"2018-05-29 03:00:00",17.56
"2018-05-29 04:00:00",17.55
"2018-06-05 02:00:00",19.39
"2018-06-05 03:00:00",19.13
"2018-06-05 04:00:00",18.91
"2018-06-05 05:00:00",18.99
"2018-06-05 06:00:00",19.05
"2018-06-05 07:00:00",19.09
"2018-06-05 08:00:00",19.24
"2018-06-05 09:00:00",19.25
"2018-06-05 10:00:00",19.22
"2018-06-05 11:00:00",19.02
"2018-06-05 12:00:00",19.02
"2018-06-05 13:00:00",18.98
"2018-06-05 14:00:00",18.66
"2018-06-05 15:00:00",19.06
"2018-06-05 16:00:00",19.45
"2018-06-05 17:00:00",19.66
"2018-06-05 18:00:00",19.65
"2018-06-05 19:00:00",19.59
"2018-06-05 20:00:00",19.59
"2018-06-05 21:00:00",20.12
"2018-06-05 22:00:00",19.7
"2018-06-05 23:00:00",19.72
"2018-06-06 00:00:00",19.67
"2018-06-06 01:00:00",19.72
"2018-06-06 02:00:00",19.58
"2018-06-06 03:00:00",19.57
"2018-06-06 04:00:00",19.47
"2018-06-06 05:00:00",19.56
"2018-06-06 06:00:00",19.56
"2018-06-06 07:00:00",19.61
"2018-06-06 08:00:00",19.55
"2018-06-06 09:00:00",19.47
"2018-06-06 10:00:00",19.4
"2018-06-06 11:00:00",19.43
"2018-06-06 12:00:00",19.57
"2018-06-06 13:00:00",19.64
"2018-06-06 14:00:00",19.93
"2018-06-06 15:00:00",19.92
"2018-06-06 16:00:00",19.58
"2018-06-06 17:00:00",19.9
"2018-06-06 18:00:00",19.81
"2018-06-06 19:00:00",19.93
"2018-06-06 20:00:00",20.07
"2018-06-06 21:00:00",20.09
"2018-06-06 22:00:00",20.08
"2018-06-06 23:00:00",20.07
"2018-06-07 00:00:00",20.23
"2018-06-07 01:00:00",20.19
"2018-06-07 02:00:00",20.08
"2018-06-07 03:00:00",20.12
"2018-06-07 04:00:00",20.05
"2018-06-07 05:00:00",20.29
"2018-06-07 06:00:00",21.29
"2018-06-07 07:00:00",20.22
"2018-06-07 08:00:00",20.25
"2018-06-07 09:00:00",20.22
"2018-06-07 10:00:00",20
"2018-06-07 11:00:00",19.94
"2018-06-07 12:00:00",19.94
"2018-06-07 13:00:00",19.92
"2018-06-07 14:00:00",19.9
"2018-06-07 15:00:00",19.78
"2018-06-07 16:00:00",19.87
"2018-06-07 17:00:00",19.71
"2018-06-07 18:00:00",19.72
"2018-06-07 19:00:00",19.7
"2018-06-07 20:00:00",19.59
"2018-06-07 21:00:00",19.53
"2018-06-07 22:00:00",19.5
"2018-06-07 23:00:00",19.67
"2018-06-08 00:00:00",19.7
"2018-06-08 01:00:00",19.63
"2018-06-08 02:00:00",19.59
"2018-06-08 03:00:00",19.44
"2018-06-08 04:00:00",19.38
"2018-06-08 05:00:00",19.26
"2018-06-08 06:00:00",19.31
"2018-06-08 07:00:00",19.25
"2018-06-08 08:00:00",19.28
"2018-06-08 09:00:00",19.22
"2018-06-08 10:00:00",19.08
"2018-06-08 11:00:00",19.05
"2018-06-08 12:00:00",19.12
"2018-06-08 13:00:00",19.17
"2018-06-08 14:00:00",19.15
"2018-06-08 15:00:00",19.23
"2018-06-08 16:00:00",19.2
"2018-06-08 17:00:00",19.16
"2018-06-08 18:00:00",19.15
"2018-06-08 19:00:00",19.11
"2018-06-08 20:00:00",19.1
"2018-06-08 21:00:00",19.11
"2018-06-08 22:00:00",19.1
"2018-06-08 23:00:00",19.05
"2018-06-09 00:00:00",19.07
"2018-06-09 01:00:00",19.11
"2018-06-09 02:00:00",19.08
"2018-06-09 03:00:00",19.03
"2018-06-09 04:00:00",19.02
"2018-06-09 05:00:00",18.98
"2018-06-09 06:00:00",19.05
"2018-06-09 07:00:00",18.91
"2018-06-09 08:00:00",18.9
"2018-06-09 09:00:00",18.87
"2018-06-09 10:00:00",19.09
"2018-06-09 11:00:00",19.13
"2018-06-09 12:00:00",18.95
"2018-06-09 13:00:00",19.03
"2018-06-09 14:00:00",18.94
"2018-06-09 15:00:00",18.93
"2018-06-09 16:00:00",18.85
"2018-06-09 17:00:00",18.74
"2018-06-09 18:00:00",18.69
"2018-06-09 19:00:00",18.6
"2018-06-09 20:00:00",18.6
"2018-06-09 21:00:00",18.64
"2018-06-09 22:00:00",18.84
"2018-06-09 23:00:00",18.39
"2018-06-10 00:00:00",17.85
"2018-06-10 01:00:00",17.92
"2018-06-10 02:00:00",17.89
"2018-06-10 03:00:00",17.83
"2018-06-10 04:00:00",17.72
"2018-06-10 05:00:00",17.7
"2018-06-10 06:00:00",17.84
"2018-06-10 07:00:00",17.61
"2018-06-10 08:00:00",17.61
"2018-06-10 09:00:00",17.57
"2018-06-10 10:00:00",17.59
"2018-06-10 11:00:00",17.5
"2018-06-10 12:00:00",17.57
"2018-06-10 13:00:00",17.59
"2018-06-10 14:00:00",17.43
"2018-06-10 15:00:00",17.1
"2018-06-10 16:00:00",17.04
"2018-06-10 17:00:00",15.95
"2018-06-10 18:00:00",15.92
"2018-06-10 19:00:00",16.1
"2018-06-10 20:00:00",15.93
"2018-06-10 21:00:00",15.96
"2018-06-10 22:00:00",15.86
"2018-06-10 23:00:00",15.93
"2018-06-11 00:00:00",15.55
"2018-06-11 01:00:00",15.5
"2018-06-11 02:00:00",15.61
"2018-06-11 03:00:00",15.67
"2018-06-11 04:00:00",15.69
"2018-06-11 05:00:00",15.55
"2018-06-11 06:00:00",15.57
"2018-06-11 07:00:00",15.33
"2018-06-11 08:00:00",15.61
"2018-06-11 09:00:00",15.56
"2018-06-11 10:00:00",15.52
"2018-06-11 11:00:00",15.56
"2018-06-11 12:00:00",15.59
"2018-06-11 13:00:00",15.5
"2018-06-11 14:00:00",15.51
"2018-06-11 15:00:00",15.33
"2018-06-11 16:00:00",15.05
"2018-06-11 17:00:00",14.98
"2018-06-11 18:00:00",15.07
"2018-06-11 19:00:00",14.96
"2018-06-11 20:00:00",14.97
"2018-06-11 21:00:00",15.03
"2018-06-11 22:00:00",15.14
"2018-06-11 23:00:00",15.48
"2018-06-12 00:00:00",15.39
"2018-06-12 01:00:00",15.59
"2018-06-12 02:00:00",15.98
"2018-06-12 03:00:00",15.75
"2018-06-12 04:00:00",15.87
"2018-06-12 05:00:00",15.97
"2018-06-12 06:00:00",15.98
"2018-06-12 07:00:00",15.98
"2018-06-12 08:00:00",16.01
"2018-06-12 09:00:00",15.98
"2018-06-12 10:00:00",15.95
"2018-06-12 11:00:00",15.81
"2018-06-12 12:00:00",15.53
"2018-06-12 13:00:00",15.44
"2018-06-12 14:00:00",15.45
"2018-06-12 15:00:00",15.45
"2018-06-12 16:00:00",15.34
"2018-06-12 17:00:00",15.33
"2018-06-12 18:00:00",15.1
"2018-06-12 19:00:00",14.73
"2018-06-12 20:00:00",14.71
"2018-06-12 21:00:00",14.64
"2018-06-12 22:00:00",14.52
"2018-06-12 23:00:00",14.5
"2018-06-13 00:00:00",14.36
"2018-06-13 01:00:00",14.34
"2018-06-13 02:00:00",14.4
"2018-06-13 03:00:00",14.41
"2018-06-13 04:00:00",14.44
"2018-06-13 05:00:00",14.33
"2018-06-13 06:00:00",14.3
"2018-06-13 07:00:00",14.23
"2018-06-13 08:00:00",14.18
"2018-06-13 09:00:00",13.87
"2018-06-13 10:00:00",13.83
"2018-06-13 11:00:00",13.59
"2018-06-13 12:00:00",13.66
"2018-06-13 13:00:00",13.53
"2018-06-13 14:00:00",13.44
"2018-06-13 15:00:00",13.13
"2018-06-13 16:00:00",12.78
"2018-06-13 17:00:00",12.87
"2018-06-13 18:00:00",13.19
"2018-06-13 19:00:00",12.99
"2018-06-13 20:00:00",13.05
"2018-06-13 21:00:00",13.14
"2018-06-13 22:00:00",13.35
"2018-06-13 23:00:00",13.38
"2018-06-14 00:00:00",13.23
"2018-06-14 01:00:00",13.29
"2018-06-14 02:00:00",13.5
"2018-06-14 03:00:00",13.66
"2018-06-14 04:00:00",13.96
"2018-06-14 05:00:00",13.97
"2018-06-14 06:00:00",14
"2018-06-14 07:00:00",14.01
"2018-06-14 08:00:00",14.08
"2018-06-14 09:00:00",14.14
"2018-06-14 10:00:00",14.1
"2018-06-14 11:00:00",14.19
"2018-06-14 12:00:00",14.12
"2018-06-14 13:00:00",13.82
"2018-06-14 14:00:00",13.73
"2018-06-14 15:00:00",13.54
"2018-06-14 16:00:00",14.07
"2018-06-14 17:00:00",14.44
"2018-06-14 18:00:00",14.52
"2018-06-14 19:00:00",14.52
"2018-06-14 20:00:00",14.58
"2018-06-14 21:00:00",14.55
"2018-06-14 22:00:00",14.51
"2018-06-14 23:00:00",14.46
"2018-06-15 00:00:00",14.42
"2018-06-15 01:00:00",14.25
"2018-06-15 02:00:00",14.05
"2018-06-15 03:00:00",14.05
"2018-06-15 04:00:00",13.86
"2018-06-15 05:00:00",13.85
"2018-06-15 06:00:00",13.91
"2018-06-15 07:00:00",13.84
"2018-06-15 08:00:00",13.85
"2018-06-15 09:00:00",13.86
"2018-06-15 10:00:00",13.86
"2018-06-15 11:00:00",13.69
"2018-06-15 12:00:00",13.37
"2018-06-15 13:00:00",13.35
"2018-06-15 14:00:00",13.61
"2018-06-15 15:00:00",13.62
"2018-06-15 16:00:00",13.81
"2018-06-15 17:00:00",13.76
"2018-06-15 18:00:00",13.76
"2018-06-15 19:00:00",13.72
"2018-06-15 20:00:00",13.59
"2018-06-15 21:00:00",13.55
"2018-06-15 22:00:00",13.42
"2018-06-15 23:00:00",13.32
"2018-06-16 00:00:00",13.38
"2018-06-16 01:00:00",13.41
"2018-06-16 02:00:00",13.47
"2018-06-16 03:00:00",13.42
"2018-06-16 04:00:00",13.45
"2018-06-16 05:00:00",13.46
"2018-06-16 06:00:00",13.39
"2018-06-16 07:00:00",13.32
"2018-06-16 08:00:00",13.31
"2018-06-16 09:00:00",13.32
"2018-06-16 10:00:00",13.36
"2018-06-16 11:00:00",13.37
"2018-06-16 12:00:00",13.33
"2018-06-16 13:00:00",13.28
"2018-06-16 14:00:00",13.17
"2018-06-16 15:00:00",12.88
"2018-06-16 16:00:00",13.17
"2018-06-16 17:00:00",13.28
"2018-06-16 18:00:00",13.35
"2018-06-16 19:00:00",13.32
"2018-06-16 20:00:00",13.74
"2018-06-16 21:00:00",13.65
"2018-06-16 22:00:00",13.66
"2018-06-16 23:00:00",13.58
"2018-06-17 00:00:00",13.59
"2018-06-17 01:00:00",13.52
"2018-06-17 02:00:00",13.47
"2018-06-17 03:00:00",13.38
"2018-06-17 04:00:00",13.35
"2018-06-17 05:00:00",13.31
"2018-06-17 06:00:00",13.32
"2018-06-17 07:00:00",13.35
"2018-06-17 08:00:00",13.24
"2018-06-17 09:00:00",13.33
"2018-06-17 10:00:00",13.26
"2018-06-17 11:00:00",13.21
"2018-06-17 12:00:00",13.1
"2018-06-17 13:00:00",13.19
"2018-06-17 14:00:00",13.17
"2018-06-17 15:00:00",13.48
"2018-06-17 16:00:00",13.35
"2018-06-17 17:00:00",13.41
"2018-06-17 18:00:00",13.6
"2018-06-17 19:00:00",13.64
"2018-06-17 20:00:00",13.58
"2018-06-17 21:00:00",13.49
"2018-06-17 22:00:00",13.47
"2018-06-17 23:00:00",13.4
"2018-06-18 00:00:00",13.38
"2018-06-18 01:00:00",13.37
"2018-06-18 02:00:00",13.34
"2018-06-18 03:00:00",13.27
"2018-06-18 04:00:00",13.22
"2018-06-18 05:00:00",13.23
"2018-06-18 06:00:00",13.17
"2018-06-18 07:00:00",13.11
"2018-06-18 08:00:00",13.17
"2018-06-18 09:00:00",13.12
"2018-06-18 10:00:00",13.08
"2018-06-18 11:00:00",13.02
"2018-06-18 12:00:00",13.02
"2018-06-18 13:00:00",13.04
"2018-06-18 14:00:00",13.09
"2018-06-18 15:00:00",13.14
"2018-06-18 16:00:00",13.58
"2018-06-18 17:00:00",13.95
"2018-06-18 18:00:00",13.9
"2018-06-18 19:00:00",13.84
"2018-06-18 20:00:00",13.96
"2018-06-18 21:00:00",13.91
"2018-06-18 22:00:00",13.9
"2018-06-18 23:00:00",13.89
"2018-06-19 00:00:00",13.9
"2018-06-19 01:00:00",13.95
"2018-06-19 02:00:00",14.02
"2018-06-19 03:00:00",13.94
"2018-06-19 04:00:00",13.93
"2018-06-19 05:00:00",13.9
"2018-06-19 06:00:00",13.89
"2018-06-19 07:00:00",13.91
"2018-06-19 08:00:00",13.88
"2018-06-19 09:00:00",13.9
"2018-06-19 10:00:00",13.85
"2018-06-19 11:00:00",14.05
"2018-06-19 12:00:00",14.12
"2018-06-19 13:00:00",14.21
"2018-06-19 14:00:00",14.18
"2018-06-19 15:00:00",13.95
"2018-06-19 16:00:00",13.86
"2018-06-19 17:00:00",13.88
"2018-06-19 18:00:00",13.87
"2018-06-19 19:00:00",13.91
"2018-06-19 20:00:00",13.82
"2018-06-19 21:00:00",13.84
"2018-06-19 22:00:00",13.91
"2018-06-19 23:00:00",14.14
"2018-06-20 00:00:00",14.05
"2018-06-20 01:00:00",13.74
"2018-06-20 02:00:00",13.48
"2018-06-20 03:00:00",13.56
"2018-06-20 04:00:00",13.44
"2018-06-20 05:00:00",13.4
"2018-06-20 06:00:00",13.5
"2018-06-20 07:00:00",13.54
"2018-06-20 08:00:00",13.53
"2018-06-20 09:00:00",13.42
"2018-06-20 10:00:00",13.37
"2018-06-20 11:00:00",13.38
"2018-06-20 12:00:00",13.35
"2018-06-20 13:00:00",13.57
"2018-06-20 14:00:00",13.71
"2018-06-20 15:00:00",13.7
"2018-06-20 16:00:00",13.66
"2018-06-20 17:00:00",13.67
"2018-06-20 18:00:00",13.64
"2018-06-20 19:00:00",13.62
"2018-06-20 20:00:00",13.61
"2018-06-20 21:00:00",13.55
"2018-06-20 22:00:00",13.6
"2018-06-20 23:00:00",13.66
"2018-06-21 00:00:00",13.85
"2018-06-21 01:00:00",13.74
"2018-06-21 02:00:00",13.76
"2018-06-21 03:00:00",13.62
"2018-06-21 04:00:00",13.63
"2018-06-21 05:00:00",13.59
"2018-06-21 06:00:00",13.67
"2018-06-21 07:00:00",13.61
"2018-06-21 08:00:00",13.45
"2018-06-21 09:00:00",13.32
"2018-06-21 10:00:00",13.31
"2018-06-21 11:00:00",13.24
"2018-06-21 12:00:00",13.19
"2018-06-21 13:00:00",13.2
"2018-06-21 14:00:00",13.12
"2018-06-21 15:00:00",13.12
"2018-06-21 16:00:00",13.18
"2018-06-21 17:00:00",13.23
"2018-06-21 18:00:00",13.19
"2018-06-21 19:00:00",13.14
"2018-06-21 20:00:00",13.15
"2018-06-21 21:00:00",13.13
"2018-06-21 22:00:00",13.21
"2018-06-21 23:00:00",13.19
"2018-06-22 00:00:00",13.18
"2018-06-22 01:00:00",12.95
"2018-06-22 02:00:00",12.98
"2018-06-22 03:00:00",12.91
"2018-06-22 04:00:00",12.97
"2018-06-22 05:00:00",12.94
"2018-06-22 06:00:00",12.89
"2018-06-22 07:00:00",12.52
"2018-06-22 08:00:00",12.31
"2018-06-22 09:00:00",12.12
"2018-06-22 10:00:00",12.13
"2018-06-22 11:00:00",12.14
"2018-06-22 12:00:00",12.11
"2018-06-22 13:00:00",11.59
"2018-06-22 14:00:00",11.7
"2018-06-22 15:00:00",11.62
"2018-06-22 16:00:00",11.63
"2018-06-22 17:00:00",11.58
"2018-06-22 18:00:00",11.49
"2018-06-22 19:00:00",11.48
"2018-06-22 20:00:00",11.23
"2018-06-22 21:00:00",10.99
"2018-06-22 22:00:00",11.09
"2018-06-22 23:00:00",11.19
"2018-06-23 00:00:00",11.7
"2018-06-23 01:00:00",11.65
"2018-06-23 02:00:00",11.6
"2018-06-23 03:00:00",11.53
"2018-06-23 04:00:00",11.55
"2018-06-23 05:00:00",11.54
"2018-06-23 06:00:00",11.46
"2018-06-23 07:00:00",11.56
"2018-06-23 08:00:00",11.54
"2018-06-23 09:00:00",11.62
"2018-06-23 10:00:00",11.82
"2018-06-23 11:00:00",11.72
"2018-06-23 12:00:00",11.69
"2018-06-23 13:00:00",11.54
"2018-06-23 14:00:00",11.43
"2018-06-23 15:00:00",11.34
"2018-06-23 16:00:00",11.37
"2018-06-23 17:00:00",11.46
"2018-06-23 18:00:00",11.57
"2018-06-23 19:00:00",11.5
"2018-06-23 20:00:00",11.5
"2018-06-23 21:00:00",11.8
"2018-06-23 22:00:00",11.8
"2018-06-23 23:00:00",11.75
"2018-06-24 00:00:00",11.65
"2018-06-24 01:00:00",11.52
"2018-06-24 02:00:00",11.69
"2018-06-24 03:00:00",11.4
"2018-06-24 04:00:00",10.95
"2018-06-24 05:00:00",10.75
"2018-06-24 06:00:00",10.5
"2018-06-24 07:00:00",10.26
"2018-06-24 08:00:00",10.2
"2018-06-24 09:00:00",10.26
"2018-06-24 10:00:00",10.43
"2018-06-24 11:00:00",10.36
"2018-06-24 12:00:00",10.31
"2018-06-24 13:00:00",10.26
"2018-06-24 14:00:00",10.2
"2018-06-24 15:00:00",9.87
"2018-06-24 16:00:00",10.71
"2018-06-24 17:00:00",10.84
"2018-06-24 18:00:00",10.79
"2018-06-24 19:00:00",10.65
"2018-06-24 20:00:00",10.64
"2018-06-24 21:00:00",10.64
"2018-06-24 22:00:00",10.62
"2018-06-24 23:00:00",10.54
"2018-06-25 00:00:00",10.57
"2018-06-25 01:00:00",10.54
"2018-06-25 02:00:00",10.45
"2018-06-25 03:00:00",10.43
"2018-06-25 04:00:00",10.44
"2018-06-25 05:00:00",10.46
"2018-06-25 06:00:00",10.52
"2018-06-25 07:00:00",10.52
"2018-06-25 08:00:00",10.52
"2018-06-25 09:00:00",10.54
"2018-06-25 10:00:00",10.59
"2018-06-25 11:00:00",10.79
"2018-06-25 12:00:00",10.64
"2018-06-25 13:00:00",10.57
"2018-06-25 14:00:00",10.86
"2018-06-25 15:00:00",10.85
"2018-06-25 16:00:00",10.89
"2018-06-25 17:00:00",10.95
"2018-06-25 18:00:00",10.81
"2018-06-25 19:00:00",10.78
"2018-06-25 20:00:00",10.74
"2018-06-25 21:00:00",10.76
"2018-06-25 22:00:00",10.72
"2018-06-25 23:00:00",10.79
"2018-06-26 00:00:00",10.61
"2018-06-26 01:00:00",10.61
"2018-06-26 02:00:00",10.62
"2018-06-26 03:00:00",10.59
"2018-06-26 04:00:00",10.6
"2018-06-26 05:00:00",10.68
"2018-06-26 06:00:00",10.68
"2018-06-26 07:00:00",10.44
"2018-06-26 08:00:00",10.23
"2018-06-26 09:00:00",10.27
"2018-06-26 10:00:00",10.36
"2018-06-26 11:00:00",10.36
"2018-06-26 12:00:00",10.41
"2018-06-26 13:00:00",10.31
"2018-06-26 14:00:00",10.3
"2018-06-26 15:00:00",10.29
"2018-06-26 16:00:00",10.44
"2018-06-26 17:00:00",10.42
"2018-06-26 18:00:00",10.31
"2018-06-26 19:00:00",10.26
"2018-06-26 20:00:00",10.06
"2018-06-26 21:00:00",10.2
"2018-06-26 22:00:00",10.16
"2018-06-26 23:00:00",10.08
"2018-06-27 00:00:00",10.08
"2018-06-27 01:00:00",10
"2018-06-27 02:00:00",9.89
"2018-06-27 03:00:00",9.68
"2018-06-27 04:00:00",9.67
"2018-06-27 05:00:00",9.71
"2018-06-27 06:00:00",9.73
"2018-06-27 07:00:00",9.74
"2018-06-27 08:00:00",9.83
"2018-06-27 09:00:00",9.87
"2018-06-27 10:00:00",9.94
"2018-06-27 11:00:00",9.92
"2018-06-27 12:00:00",9.78
"2018-06-27 13:00:00",9.77
"2018-06-27 14:00:00",9.72
"2018-06-27 15:00:00",9.79
"2018-06-27 16:00:00",9.96
"2018-06-27 17:00:00",9.98
"2018-06-27 18:00:00",9.97
"2018-06-27 19:00:00",10.01
"2018-06-27 20:00:00",9.97
"2018-06-27 21:00:00",9.92
"2018-06-27 22:00:00",10.05
"2018-06-27 23:00:00",10.01
"2018-06-28 00:00:00",10.06
"2018-06-28 01:00:00",10.03
"2018-06-28 02:00:00",9.96
"2018-06-28 03:00:00",9.92
"2018-06-28 04:00:00",9.92
"2018-06-28 05:00:00",9.89
"2018-06-28 06:00:00",9.85
"2018-06-28 07:00:00",9.84
"2018-06-28 08:00:00",9.87
"2018-06-28 09:00:00",9.9
"2018-06-28 10:00:00",9.86
"2018-06-28 11:00:00",9.77
"2018-06-28 12:00:00",9.77
"2018-06-28 13:00:00",9.79
"2018-06-28 14:00:00",9.83
"2018-06-28 15:00:00",9.79
"2018-06-28 16:00:00",9.82
"2018-06-28 17:00:00",9.81
"2018-06-28 18:00:00",9.81
"2018-06-28 19:00:00",9.92
"2018-06-28 20:00:00",9.87
"2018-06-28 21:00:00",9.71
"2018-06-28 22:00:00",9.76
"2018-06-28 23:00:00",9.52
"2018-06-29 00:00:00",9.36
"2018-06-29 01:00:00",9.29
"2018-06-29 02:00:00",9.23
"2018-06-29 03:00:00",9.11
"2018-06-29 04:00:00",9.23
"2018-06-29 05:00:00",9.28
"2018-06-29 06:00:00",9.21
"2018-06-29 07:00:00",9.17
"2018-06-29 08:00:00",9.13
"2018-06-29 09:00:00",9.23
"2018-06-29 10:00:00",9.19
"2018-06-29 11:00:00",9.16
"2018-06-29 12:00:00",9.11
"2018-06-29 13:00:00",9.08
"2018-06-29 14:00:00",9.14
"2018-06-29 15:00:00",9.2
"2018-06-29 16:00:00",9.18
"2018-06-29 17:00:00",9.2
"2018-06-29 18:00:00",9.17
"2018-06-29 19:00:00",9.15
"2018-06-29 20:00:00",9.23
"2018-06-29 21:00:00",9.23
"2018-06-29 22:00:00",9.8
"2018-06-29 23:00:00",9.78
"2018-06-30 00:00:00",9.89
"2018-06-30 01:00:00",10.38
"2018-06-30 02:00:00",10.24
"2018-06-30 03:00:00",10.15
"2018-06-30 04:00:00",10.17
"2018-06-30 05:00:00",10.18
"2018-06-30 06:00:00",10.09
"2018-06-30 07:00:00",9.99
"2018-06-30 08:00:00",10
"2018-06-30 09:00:00",10.05
"2018-06-30 10:00:00",10.14
"2018-06-30 11:00:00",10.19
"2018-06-30 12:00:00",10.23
"2018-06-30 13:00:00",10.22
"2018-06-30 14:00:00",10.12
"2018-06-30 15:00:00",10.07
"2018-06-30 16:00:00",9.97
"2018-06-30 17:00:00",9.88
"2018-06-30 18:00:00",9.83
"2018-06-30 19:00:00",9.79
"2018-06-30 20:00:00",9.87
"2018-06-30 21:00:00",9.85
"2018-06-30 22:00:00",9.94
"2018-06-30 23:00:00",9.97
"2018-07-01 00:00:00",9.97
"2018-07-01 01:00:00",9.95
"2018-07-01 02:00:00",9.91
"2018-07-01 03:00:00",9.83
"2018-07-01 04:00:00",9.84
"2018-07-01 05:00:00",9.88
"2018-07-01 06:00:00",9.87
"2018-07-01 07:00:00",9.89
"2018-07-01 08:00:00",9.91
"2018-07-01 09:00:00",9.91
"2018-07-01 10:00:00",10.01
"2018-07-01 11:00:00",10.04
"2018-07-01 12:00:00",10.07
"2018-07-01 13:00:00",10.02
"2018-07-01 14:00:00",9.93
"2018-07-01 15:00:00",9.93
"2018-07-01 16:00:00",10.04
"2018-07-01 17:00:00",10.01
"2018-07-01 18:00:00",9.99
"2018-07-01 19:00:00",9.98
"2018-07-01 20:00:00",10.07
"2018-07-01 21:00:00",10.17
"2018-07-01 22:00:00",10.19
"2018-07-01 23:00:00",10.21
"2018-07-02 00:00:00",10.34
"2018-07-02 01:00:00",10.32
"2018-07-02 02:00:00",10.33
"2018-07-02 03:00:00",10.47
"2018-07-02 04:00:00",10.32
"2018-07-02 05:00:00",10.41
"2018-07-02 06:00:00",10.34
"2018-07-02 07:00:00",10.56
"2018-07-02 08:00:00",10.61
"2018-07-02 09:00:00",10.9
"2018-07-02 10:00:00",11.31
"2018-07-02 11:00:00",10.85
"2018-07-02 12:00:00",10.75
"2018-07-02 13:00:00",11.55
"2018-07-02 14:00:00",11.8
"2018-07-02 15:00:00",11.57
"2018-07-02 16:00:00",11.51
"2018-07-02 17:00:00",11.45
"2018-07-02 18:00:00",11.81
"2018-07-02 19:00:00",11.82
"2018-07-02 20:00:00",11.71
"2018-07-02 21:00:00",11.74
"2018-07-02 22:00:00",11.7
"2018-07-02 23:00:00",11.52
"2018-07-03 00:00:00",11.62
"2018-07-03 01:00:00",11.74
"2018-07-03 02:00:00",11.8
"2018-07-03 03:00:00",12.13
"2018-07-03 04:00:00",12.41
"2018-07-03 05:00:00",12.56
"2018-07-03 06:00:00",12.47
"2018-07-03 07:00:00",12.35
"2018-07-03 08:00:00",12.27
"2018-07-03 09:00:00",12.2
"2018-07-03 10:00:00",12.17
"2018-07-03 11:00:00",12.02
"2018-07-03 12:00:00",12.13
"2018-07-03 13:00:00",12.14
"2018-07-03 14:00:00",12.04
"2018-07-03 15:00:00",11.98
"2018-07-03 16:00:00",11.97
"2018-07-03 17:00:00",11.83
"2018-07-03 18:00:00",11.84
"2018-07-03 19:00:00",11.89
"2018-07-03 20:00:00",11.9
"2018-07-03 21:00:00",12.31
"2018-07-03 22:00:00",12.11
"2018-07-03 23:00:00",16.19
"2018-07-04 00:00:00",11.54
"2018-07-04 01:00:00",11.32
"2018-07-04 02:00:00",11.42
"2018-07-04 03:00:00",11.31
"2018-07-04 04:00:00",11.54
"2018-07-04 05:00:00",11.6
"2018-07-04 06:00:00",11.73
"2018-07-04 07:00:00",11.91
"2018-07-04 08:00:00",13.4
"2018-07-04 09:00:00",12.95
"2018-07-04 10:00:00",12.98
"2018-07-04 11:00:00",12.7
"2018-07-04 12:00:00",12.86
"2018-07-04 13:00:00",13.08
"2018-07-04 14:00:00",12.73
"2018-07-04 15:00:00",12.65
"2018-07-04 16:00:00",12.63
"2018-07-04 17:00:00",12.66
"2018-07-04 18:00:00",12.72
"2018-07-04 19:00:00",12.96
"2018-07-04 20:00:00",15.05
"2018-07-04 21:00:00",13.97
"2018-07-04 22:00:00",14.56
"2018-07-04 23:00:00",14.11
"2018-07-05 00:00:00",13.85
"2018-07-05 01:00:00",14.45
"2018-07-05 02:00:00",16.26
"2018-07-05 03:00:00",15.57
"2018-07-05 04:00:00",15.35
"2018-07-05 05:00:00",14.72
"2018-07-05 06:00:00",15.04
"2018-07-05 07:00:00",14.84
"2018-07-05 08:00:00",15.14
"2018-07-05 09:00:00",15.14
"2018-07-05 10:00:00",15.41
"2018-07-05 11:00:00",16.62
"2018-07-05 12:00:00",15.82
"2018-07-05 13:00:00",15.63
"2018-07-05 14:00:00",14.94
"2018-07-05 15:00:00",14.28
"2018-07-05 16:00:00",15.05
"2018-07-05 17:00:00",15.02
"2018-07-05 18:00:00",14.24
"2018-07-05 19:00:00",14.16
"2018-07-05 20:00:00",14.12
"2018-07-05 21:00:00",14
"2018-07-05 22:00:00",13.84
"2018-07-05 23:00:00",14.02
"2018-07-06 00:00:00",14.02
"2018-07-06 01:00:00",13.73
"2018-07-06 02:00:00",13.22
