"Index","Close.SNT"
"2018-05-30 15:42:00",
"2018-05-30 15:43:00",
"2018-05-30 15:44:00",0.09457
"2018-05-30 15:45:00",0.09457
"2018-05-30 15:46:00",0.0947
"2018-05-30 15:47:00",0.0947
"2018-05-30 15:48:00",0.0947
"2018-05-30 15:49:00",0.0947
"2018-05-30 15:50:00",0.0947
"2018-05-30 15:51:00",0.0947
"2018-05-30 15:52:00",0.09462
"2018-05-30 15:53:00",0.09462
"2018-05-30 15:54:00",0.09462
"2018-05-30 15:55:00",0.09462
"2018-05-30 15:56:00",0.09462
"2018-05-30 15:57:00",0.09462
"2018-05-30 15:58:00",0.09462
"2018-05-30 15:59:00",0.09462
"2018-05-30 16:00:00",0.09462
"2018-05-30 16:01:00",0.09462
"2018-05-30 16:02:00",0.09462
"2018-05-30 16:03:00",0.09462
"2018-05-30 16:04:00",0.09462
"2018-05-30 16:05:00",0.09462
"2018-05-30 16:06:00",0.09462
"2018-05-30 16:07:00",0.09462
"2018-05-30 16:08:00",0.09462
"2018-05-30 16:09:00",0.09462
"2018-05-30 16:10:00",0.09462
"2018-05-30 16:11:00",0.09462
"2018-05-30 16:12:00",0.09462
"2018-05-30 16:13:00",0.09462
"2018-05-30 16:14:00",0.09462
"2018-05-30 16:15:00",0.09462
"2018-05-30 16:16:00",0.09461
"2018-05-30 16:17:00",0.09461
"2018-05-30 16:18:00",0.09461
"2018-05-30 16:19:00",0.09461
"2018-05-30 16:20:00",0.09461
"2018-05-30 16:21:00",0.09461
"2018-05-30 16:22:00",0.09461
"2018-05-30 16:23:00",0.09461
"2018-05-30 16:24:00",0.09461
"2018-05-30 16:25:00",0.09461
"2018-05-30 16:26:00",0.09461
"2018-05-30 16:27:00",0.09461
"2018-05-30 16:28:00",0.09461
"2018-05-30 16:29:00",0.09461
"2018-05-30 16:30:00",0.09461
"2018-05-30 16:31:00",0.09461
"2018-05-30 16:32:00",0.09461
"2018-05-30 16:33:00",0.09461
"2018-05-30 16:34:00",0.09461
"2018-05-30 16:35:00",0.09461
"2018-05-30 16:36:00",0.09461
"2018-05-30 16:37:00",0.09461
"2018-05-30 16:38:00",0.09461
"2018-05-30 16:39:00",0.09461
"2018-05-30 16:40:00",0.09463
"2018-05-30 16:41:00",0.09443
"2018-05-30 16:42:00",0.09443
"2018-05-30 16:43:00",0.09443
"2018-05-30 16:44:00",0.09443
"2018-05-30 16:45:00",0.09443
"2018-05-30 16:46:00",0.09443
"2018-05-30 16:47:00",0.0946
"2018-05-30 16:48:00",0.09451
"2018-05-30 16:49:00",0.09448
"2018-05-30 16:50:00",0.09453
"2018-05-30 16:51:00",0.09444
"2018-05-30 16:52:00",0.09429
"2018-05-30 16:53:00",0.09427
"2018-05-30 16:54:00",0.09446
"2018-05-30 16:55:00",0.09451
"2018-05-30 16:56:00",0.09446
"2018-05-30 16:57:00",0.09454
"2018-05-30 16:58:00",0.09449
"2018-05-30 16:59:00",0.09449
"2018-05-30 17:00:00",0.09441
"2018-05-30 17:01:00",0.09442
"2018-05-30 17:02:00",0.09446
"2018-05-30 17:03:00",0.09443
"2018-05-30 17:04:00",0.0944
"2018-05-30 17:05:00",0.09429
"2018-05-30 17:06:00",0.09434
"2018-05-30 17:07:00",0.09441
"2018-05-30 17:08:00",0.09426
"2018-05-30 17:09:00",0.0942
"2018-05-30 17:10:00",0.09415
"2018-05-30 17:11:00",0.09431
"2018-05-30 17:12:00",0.09437
"2018-05-30 17:13:00",0.09461
"2018-05-30 17:14:00",0.09449
"2018-05-30 17:15:00",0.09454
"2018-05-30 17:16:00",0.09459
"2018-05-30 17:17:00",0.0946
"2018-05-30 17:18:00",0.0946
"2018-05-30 17:19:00",0.09449
"2018-05-30 17:20:00",0.09447
"2018-05-30 17:21:00",0.09442
"2018-05-30 17:22:00",0.09448
"2018-05-30 17:23:00",0.09455
"2018-05-30 17:24:00",0.09445
"2018-05-30 17:25:00",0.09446
"2018-05-30 17:26:00",0.09445
"2018-05-30 17:27:00",0.09446
"2018-05-30 17:28:00",0.09456
"2018-05-30 17:29:00",0.09462
"2018-05-30 17:30:00",0.09457
"2018-05-30 17:31:00",0.09467
"2018-05-30 17:32:00",0.09457
"2018-05-30 17:33:00",0.0945
"2018-05-30 17:34:00",0.09437
"2018-05-30 17:35:00",0.09431
"2018-05-30 17:36:00",0.09431
"2018-05-30 17:37:00",0.09413
"2018-05-30 17:38:00",0.09409
"2018-05-30 17:39:00",0.09439
"2018-05-30 17:40:00",0.09433
"2018-05-30 17:41:00",0.09435
"2018-05-30 17:42:00",0.0944
"2018-05-30 17:43:00",0.09422
"2018-05-30 17:44:00",0.09439
"2018-05-30 17:45:00",0.09433
"2018-05-30 17:46:00",0.09447
"2018-05-30 17:47:00",0.09442
"2018-05-30 17:48:00",0.09435
"2018-05-30 17:49:00",0.09422
"2018-05-30 17:50:00",0.09431
"2018-05-30 17:51:00",0.09431
"2018-05-30 17:52:00",0.09433
"2018-05-30 17:53:00",0.09418
"2018-05-30 17:54:00",0.09416
"2018-05-30 17:55:00",0.09418
"2018-05-30 17:56:00",0.0941
"2018-05-30 17:57:00",0.09417
"2018-05-30 17:58:00",0.09419
"2018-05-30 17:59:00",0.09423
"2018-05-30 18:00:00",0.09437
"2018-05-30 18:01:00",0.0942
"2018-05-30 18:02:00",0.09421
"2018-05-30 18:03:00",0.09417
"2018-05-30 18:04:00",0.09429
"2018-05-30 18:05:00",0.09431
"2018-05-30 18:06:00",0.09432
"2018-05-30 18:07:00",0.0944
"2018-05-30 18:08:00",0.09448
"2018-05-30 18:09:00",0.09451
"2018-05-30 18:10:00",0.09436
"2018-05-30 18:11:00",0.09433
"2018-05-30 18:12:00",0.09435
"2018-05-30 18:13:00",0.09435
"2018-05-30 18:14:00",0.09428
"2018-05-30 18:15:00",0.09434
"2018-05-30 18:16:00",0.0943
"2018-05-30 18:17:00",0.09436
"2018-05-30 18:18:00",0.09429
"2018-05-30 18:19:00",0.09421
"2018-05-30 18:20:00",0.09433
"2018-05-30 18:21:00",0.09415
"2018-05-30 18:22:00",0.09431
"2018-05-30 18:23:00",0.09439
"2018-05-30 18:24:00",0.09427
"2018-05-30 18:25:00",0.09426
"2018-05-30 18:26:00",0.09416
"2018-05-30 18:27:00",0.09424
"2018-05-30 18:28:00",0.09411
"2018-05-30 18:29:00",0.09402
"2018-05-30 18:30:00",0.09408
"2018-05-30 18:31:00",0.09411
"2018-05-30 18:32:00",0.09417
"2018-05-30 18:33:00",0.09421
"2018-05-30 18:34:00",0.09422
"2018-05-30 18:35:00",0.09424
"2018-05-30 18:36:00",0.09427
"2018-05-30 18:37:00",0.09429
"2018-05-30 18:38:00",0.09438
"2018-05-30 18:39:00",0.09419
"2018-05-30 18:40:00",0.09425
"2018-05-30 18:41:00",0.09436
"2018-05-30 18:42:00",0.09436
"2018-05-30 18:43:00",0.09427
"2018-05-30 18:44:00",0.09426
"2018-05-30 18:45:00",0.09425
"2018-05-30 18:46:00",0.09433
"2018-05-30 18:47:00",0.09426
"2018-05-30 18:48:00",0.09425
"2018-05-30 18:49:00",0.09426
"2018-05-30 18:50:00",0.09421
"2018-05-30 18:51:00",0.09421
"2018-05-30 18:52:00",0.09419
"2018-05-30 18:53:00",0.09421
"2018-05-30 18:54:00",0.0941
"2018-05-30 18:55:00",0.09415
"2018-05-30 18:56:00",0.09406
"2018-05-30 18:57:00",0.09412
"2018-05-30 18:58:00",0.09405
"2018-05-30 18:59:00",0.09407
"2018-05-30 19:00:00",0.09405
"2018-05-30 19:01:00",0.09421
"2018-05-30 19:02:00",0.09401
"2018-05-30 19:03:00",0.09409
"2018-05-30 19:04:00",0.09403
"2018-05-30 19:05:00",0.0941
"2018-05-30 19:06:00",0.09441
"2018-05-30 19:07:00",0.09408
"2018-05-30 19:08:00",0.09422
"2018-05-30 19:09:00",0.09428
"2018-05-30 19:10:00",0.0942
"2018-05-30 19:11:00",0.0941
"2018-05-30 19:12:00",0.09423
"2018-05-30 19:13:00",0.09432
"2018-05-30 19:14:00",0.09424
"2018-05-30 19:15:00",0.09424
"2018-05-30 19:16:00",0.09425
"2018-05-30 19:17:00",0.09423
"2018-05-30 19:18:00",0.09423
"2018-05-30 19:19:00",0.09423
"2018-05-30 19:20:00",0.09432
"2018-05-30 19:21:00",0.0943
"2018-05-30 19:22:00",0.09427
"2018-05-30 19:23:00",0.09426
"2018-05-30 19:24:00",0.09444
"2018-05-30 19:25:00",0.09429
"2018-05-30 19:26:00",0.09445
"2018-05-30 19:27:00",0.09461
"2018-05-30 19:28:00",0.09453
"2018-05-30 19:29:00",0.0946
"2018-05-30 19:30:00",0.09494
"2018-05-30 19:31:00",0.09493
"2018-05-30 19:32:00",0.09492
"2018-05-30 19:33:00",0.09493
"2018-05-30 19:34:00",0.09478
"2018-05-30 19:35:00",0.09476
"2018-05-30 19:36:00",0.09467
"2018-05-30 19:37:00",0.0947
"2018-05-30 19:38:00",0.09469
"2018-05-30 19:39:00",0.09451
"2018-05-30 19:40:00",0.09442
"2018-05-30 19:41:00",0.09445
"2018-05-30 19:42:00",0.09444
"2018-05-30 19:43:00",0.09458
"2018-05-30 19:44:00",0.09454
"2018-05-30 19:45:00",0.09454
"2018-05-30 19:46:00",0.09451
"2018-05-30 19:47:00",0.0946
"2018-05-30 19:48:00",0.09462
"2018-05-30 19:49:00",0.09453
"2018-05-30 19:50:00",0.09451
"2018-05-30 19:51:00",0.09465
"2018-05-30 19:52:00",0.09473
"2018-05-30 19:53:00",0.09464
"2018-05-30 19:54:00",0.09458
"2018-05-30 19:55:00",0.09445
"2018-05-30 19:56:00",0.09445
"2018-05-30 19:57:00",0.09446
"2018-05-30 19:58:00",0.09447
"2018-05-30 19:59:00",0.09438
"2018-05-30 20:00:00",0.09435
"2018-05-30 20:01:00",0.09449
"2018-05-30 20:02:00",0.09452
"2018-05-30 20:03:00",0.09451
"2018-05-30 20:04:00",0.09454
"2018-05-30 20:05:00",0.0946
"2018-05-30 20:06:00",0.09461
"2018-05-30 20:07:00",0.09461
"2018-05-30 20:08:00",0.09469
"2018-05-30 20:09:00",0.0947
"2018-05-30 20:10:00",0.0947
"2018-05-30 20:11:00",0.0947
"2018-05-30 20:12:00",0.09473
"2018-05-30 20:13:00",0.09471
"2018-05-30 20:14:00",0.09473
"2018-05-30 20:15:00",0.0947
"2018-05-30 20:16:00",0.09461
"2018-05-30 20:17:00",0.09476
"2018-05-30 20:18:00",0.09476
"2018-05-30 20:19:00",0.09496
"2018-05-30 20:20:00",0.09485
"2018-05-30 20:21:00",0.09484
"2018-05-30 20:22:00",0.09482
"2018-05-30 20:23:00",0.09497
"2018-05-30 20:24:00",0.095
"2018-05-30 20:25:00",0.09491
"2018-05-30 20:26:00",0.09485
"2018-05-30 20:27:00",0.09484
"2018-05-30 20:28:00",0.09485
"2018-05-30 20:29:00",0.09485
"2018-05-30 20:30:00",0.09468
"2018-05-30 20:31:00",0.09475
"2018-05-30 20:32:00",0.09476
"2018-05-30 20:33:00",0.09468
"2018-05-30 20:34:00",0.09477
"2018-05-30 20:35:00",0.09478
"2018-05-30 20:36:00",0.09477
"2018-05-30 20:37:00",0.09483
"2018-05-30 20:38:00",0.09491
"2018-05-30 20:39:00",0.09492
"2018-05-30 20:40:00",0.095
"2018-05-30 20:41:00",0.09511
"2018-05-30 20:42:00",0.09515
"2018-05-30 20:43:00",0.09516
"2018-05-30 20:44:00",0.09514
"2018-05-30 20:45:00",0.09514
"2018-05-30 20:46:00",0.09516
"2018-05-30 20:47:00",0.09494
"2018-05-30 20:48:00",0.09494
"2018-05-30 20:49:00",0.09496
"2018-05-30 20:50:00",0.09496
"2018-05-30 20:51:00",0.09503
"2018-05-30 20:52:00",0.09502
"2018-05-30 20:53:00",0.0949
"2018-05-30 20:54:00",0.09489
"2018-05-30 20:55:00",0.09494
"2018-05-30 20:56:00",0.09492
"2018-05-30 20:57:00",0.09492
"2018-05-30 20:58:00",0.09491
"2018-05-30 20:59:00",0.09488
"2018-05-30 21:00:00",0.09487
"2018-05-30 21:01:00",0.09495
"2018-05-30 21:02:00",0.09487
"2018-05-30 21:03:00",0.09483
"2018-05-30 21:04:00",0.09482
"2018-05-30 21:05:00",0.0949
"2018-05-30 21:06:00",0.09483
"2018-05-30 21:07:00",0.09481
"2018-05-30 21:08:00",0.09487
"2018-05-30 21:09:00",0.09499
"2018-05-30 21:10:00",0.0949
"2018-05-30 21:11:00",0.0949
"2018-05-30 21:12:00",0.09479
"2018-05-30 21:13:00",0.0947
"2018-05-30 21:14:00",0.09476
"2018-05-30 21:15:00",0.09476
"2018-05-30 21:16:00",0.0947
"2018-05-30 21:17:00",0.09471
"2018-05-30 21:18:00",0.09468
"2018-05-30 21:19:00",0.09468
"2018-05-30 21:20:00",0.09468
"2018-05-30 21:21:00",0.0947
"2018-05-30 21:22:00",0.09468
"2018-05-30 21:23:00",0.09466
"2018-05-30 21:24:00",0.09467
"2018-05-30 21:25:00",0.09466
"2018-05-30 21:26:00",0.09466
"2018-05-30 21:27:00",0.09462
"2018-05-30 21:28:00",0.09456
"2018-05-30 21:29:00",0.09467
"2018-05-30 21:30:00",0.09467
"2018-05-30 21:31:00",0.09468
"2018-05-30 21:32:00",0.09469
"2018-05-30 21:33:00",0.09473
"2018-05-30 21:34:00",0.09472
"2018-05-30 21:35:00",0.09466
"2018-05-30 21:36:00",0.09468
"2018-05-30 21:37:00",0.09468
"2018-05-30 21:38:00",0.09461
"2018-05-30 21:39:00",0.09467
"2018-05-30 21:40:00",0.09484
"2018-05-30 21:41:00",0.0948
"2018-05-30 21:42:00",0.09476
"2018-05-30 21:43:00",0.09475
"2018-05-30 21:44:00",0.09473
"2018-05-30 21:45:00",0.09479
"2018-05-30 21:46:00",0.0949
"2018-05-30 21:47:00",0.09486
"2018-05-30 21:48:00",0.09476
"2018-05-30 21:49:00",0.09482
"2018-05-30 21:50:00",0.09479
"2018-05-30 21:51:00",0.09472
"2018-05-30 21:52:00",0.0947
"2018-05-30 21:53:00",0.09477
"2018-05-30 21:54:00",0.09471
"2018-05-30 21:55:00",0.09475
"2018-05-30 21:56:00",0.09472
"2018-05-30 21:57:00",0.09472
"2018-05-30 21:58:00",0.0947
"2018-05-30 21:59:00",0.09479
"2018-05-30 22:00:00",0.09469
"2018-05-30 22:01:00",0.09469
"2018-05-30 22:02:00",0.09461
"2018-05-30 22:03:00",0.09476
"2018-05-30 22:04:00",0.09475
"2018-05-30 22:05:00",0.09478
"2018-05-30 22:06:00",0.095
"2018-05-30 22:07:00",0.09478
"2018-05-30 22:08:00",0.09485
"2018-05-30 22:09:00",0.09476
"2018-05-30 22:10:00",0.09441
"2018-05-30 22:11:00",0.09441
"2018-05-30 22:12:00",0.09457
"2018-05-30 22:13:00",0.09459
"2018-05-30 22:14:00",0.09462
"2018-05-30 22:15:00",0.09458
"2018-05-30 22:16:00",0.09465
"2018-05-30 22:17:00",0.09465
"2018-05-30 22:18:00",0.0946
"2018-05-30 22:19:00",0.09459
"2018-05-30 22:20:00",0.09456
"2018-05-30 22:21:00",0.09455
"2018-05-30 22:22:00",0.09455
"2018-05-30 22:23:00",0.09464
"2018-05-30 22:24:00",0.09466
"2018-05-30 22:25:00",0.0947
"2018-05-30 22:26:00",0.09471
"2018-05-30 22:27:00",0.09462
"2018-05-30 22:28:00",0.09449
"2018-05-30 22:29:00",0.09451
"2018-05-30 22:30:00",0.09509
"2018-05-30 22:31:00",0.09501
"2018-05-30 22:32:00",0.09491
"2018-05-30 22:33:00",0.09489
"2018-05-30 22:34:00",0.09489
"2018-05-30 22:35:00",0.09494
"2018-05-30 22:36:00",0.09496
"2018-05-30 22:37:00",0.09501
"2018-05-30 22:38:00",0.09499
"2018-05-30 22:39:00",0.09501
"2018-05-30 22:40:00",0.09501
"2018-05-30 22:41:00",0.09495
"2018-05-30 22:42:00",0.09491
"2018-05-30 22:43:00",0.09492
"2018-05-30 22:44:00",0.09494
"2018-05-30 22:45:00",0.09505
"2018-05-30 22:46:00",0.09506
"2018-05-30 22:47:00",0.095
"2018-05-30 22:48:00",0.09503
"2018-05-30 22:49:00",0.09496
"2018-05-30 22:50:00",0.09498
"2018-05-30 22:51:00",0.09511
"2018-05-30 22:52:00",0.09518
"2018-05-30 22:53:00",0.09516
"2018-05-30 22:54:00",0.09517
"2018-05-30 22:55:00",0.09514
"2018-05-30 22:56:00",0.09508
"2018-05-30 22:57:00",0.09515
"2018-05-30 22:58:00",0.09524
"2018-05-30 22:59:00",0.09509
"2018-05-30 23:00:00",0.09501
"2018-05-30 23:01:00",0.09509
"2018-05-30 23:02:00",0.09501
"2018-05-30 23:03:00",0.09518
"2018-05-30 23:04:00",0.09516
"2018-05-30 23:05:00",0.09524
"2018-05-30 23:06:00",0.09508
"2018-05-30 23:07:00",0.095
"2018-05-30 23:08:00",0.09508
"2018-05-30 23:09:00",0.09516
"2018-05-30 23:10:00",0.09515
"2018-05-30 23:11:00",0.09507
"2018-05-30 23:12:00",0.09538
"2018-05-30 23:13:00",0.09548
"2018-05-30 23:14:00",0.0955
"2018-05-30 23:15:00",0.09561
"2018-05-30 23:16:00",0.0956
"2018-05-30 23:17:00",0.09608
"2018-05-30 23:18:00",0.09565
"2018-05-30 23:19:00",0.09581
"2018-05-30 23:20:00",0.09609
"2018-05-30 23:21:00",0.09595
"2018-05-30 23:22:00",0.09586
"2018-05-30 23:23:00",0.09586
"2018-05-30 23:24:00",0.09587
"2018-05-30 23:25:00",0.09583
"2018-05-30 23:26:00",0.09597
"2018-05-30 23:27:00",0.09584
"2018-05-30 23:28:00",0.09588
"2018-05-30 23:29:00",0.09604
"2018-05-30 23:30:00",0.09601
"2018-05-30 23:31:00",0.09596
"2018-05-30 23:32:00",0.09597
"2018-05-30 23:33:00",0.09597
"2018-05-30 23:34:00",0.09588
"2018-05-30 23:35:00",0.09592
"2018-05-30 23:36:00",0.09593
"2018-05-30 23:37:00",0.09587
"2018-05-30 23:38:00",0.09595
"2018-05-30 23:39:00",0.09597
"2018-05-30 23:40:00",0.09598
"2018-05-30 23:41:00",0.09621
"2018-05-30 23:42:00",0.09602
"2018-05-30 23:43:00",0.09599
"2018-05-30 23:44:00",0.09608
"2018-05-30 23:45:00",0.09601
"2018-05-30 23:46:00",0.09599
"2018-05-30 23:47:00",0.09635
"2018-05-30 23:48:00",0.09638
"2018-05-30 23:49:00",0.09637
"2018-05-30 23:50:00",0.09633
"2018-05-30 23:51:00",0.09623
"2018-05-30 23:52:00",0.09624
"2018-05-30 23:53:00",0.09628
"2018-05-30 23:54:00",0.09635
"2018-05-30 23:55:00",0.09628
"2018-05-30 23:56:00",0.09621
"2018-05-30 23:57:00",0.0962
"2018-05-30 23:58:00",0.09612
"2018-05-30 23:59:00",0.09618
"2018-05-31 00:00:00",0.09614
"2018-05-31 00:01:00",0.09625
"2018-05-31 00:02:00",0.09603
"2018-05-31 00:03:00",0.09614
"2018-05-31 00:04:00",0.09607
"2018-05-31 00:05:00",0.09594
"2018-05-31 00:06:00",0.09592
"2018-05-31 00:07:00",0.09591
"2018-05-31 00:08:00",0.09579
"2018-05-31 00:09:00",0.09576
"2018-05-31 00:10:00",0.09575
"2018-05-31 00:11:00",0.09595
"2018-05-31 00:12:00",0.09573
"2018-05-31 00:13:00",0.09597
"2018-05-31 00:14:00",0.09592
"2018-05-31 00:15:00",0.09601
"2018-05-31 00:16:00",0.09639
"2018-05-31 00:17:00",0.09637
"2018-05-31 00:18:00",0.09622
"2018-05-31 00:19:00",0.09615
"2018-05-31 00:20:00",0.09634
"2018-05-31 00:21:00",0.09633
"2018-05-31 00:22:00",0.09649
"2018-05-31 00:23:00",0.09655
"2018-05-31 00:24:00",0.09654
"2018-05-31 00:25:00",0.09649
"2018-05-31 00:26:00",0.0965
"2018-05-31 00:27:00",0.09642
"2018-05-31 00:28:00",0.09658
"2018-05-31 00:29:00",0.09659
"2018-05-31 00:30:00",0.09649
"2018-05-31 00:31:00",0.09639
"2018-05-31 00:32:00",0.09633
"2018-05-31 00:33:00",0.09623
"2018-05-31 00:34:00",0.09638
"2018-05-31 00:35:00",0.0964
"2018-05-31 00:36:00",0.09631
"2018-05-31 00:37:00",0.09644
"2018-05-31 00:38:00",0.09655
"2018-05-31 00:39:00",0.09683
"2018-05-31 00:40:00",0.09678
"2018-05-31 00:41:00",0.09694
"2018-05-31 00:42:00",0.09699
"2018-05-31 00:43:00",0.09724
"2018-05-31 00:44:00",0.09691
"2018-05-31 00:45:00",0.09698
"2018-05-31 00:46:00",0.09698
"2018-05-31 00:47:00",0.09696
"2018-05-31 00:48:00",0.09688
"2018-05-31 00:49:00",0.09687
"2018-05-31 00:50:00",0.09687
"2018-05-31 00:51:00",0.09671
"2018-05-31 00:52:00",0.09666
"2018-05-31 00:53:00",0.09673
"2018-05-31 00:54:00",0.09677
"2018-05-31 00:55:00",0.09686
"2018-05-31 00:56:00",0.09709
"2018-05-31 00:57:00",0.09702
"2018-05-31 00:58:00",0.09701
"2018-05-31 00:59:00",0.09693
"2018-05-31 01:00:00",0.09692
"2018-05-31 01:01:00",0.09695
"2018-05-31 01:02:00",0.09686
"2018-05-31 01:03:00",0.09686
"2018-05-31 01:04:00",0.09697
"2018-05-31 01:05:00",0.09696
"2018-05-31 01:06:00",0.09698
"2018-05-31 01:07:00",0.09688
"2018-05-31 01:08:00",0.09687
"2018-05-31 01:09:00",0.09685
"2018-05-31 01:10:00",0.09683
"2018-05-31 01:11:00",0.09685
"2018-05-31 01:12:00",0.09687
"2018-05-31 01:13:00",0.09688
"2018-05-31 01:14:00",0.09693
"2018-05-31 01:15:00",0.09692
"2018-05-31 01:16:00",0.0969
"2018-05-31 01:17:00",0.09686
"2018-05-31 01:18:00",0.09685
"2018-05-31 01:19:00",0.097
"2018-05-31 01:20:00",0.09683
"2018-05-31 01:21:00",0.09682
"2018-05-31 01:22:00",0.09673
"2018-05-31 01:23:00",0.09693
"2018-05-31 01:24:00",0.09694
"2018-05-31 01:25:00",0.09719
"2018-05-31 01:26:00",0.09683
"2018-05-31 01:27:00",0.0967
"2018-05-31 01:28:00",0.09672
"2018-05-31 01:29:00",0.09677
"2018-05-31 01:30:00",0.09667
"2018-05-31 01:31:00",0.09675
"2018-05-31 01:32:00",0.09672
"2018-05-31 01:33:00",0.09671
"2018-05-31 01:34:00",0.09683
"2018-05-31 01:35:00",0.09679
"2018-05-31 01:36:00",0.09669
"2018-05-31 01:37:00",0.09668
"2018-05-31 01:38:00",0.0969
"2018-05-31 01:39:00",0.09682
"2018-05-31 01:40:00",0.09673
"2018-05-31 01:41:00",0.0965
"2018-05-31 01:42:00",0.09644
"2018-05-31 01:43:00",0.0965
"2018-05-31 01:44:00",0.09653
"2018-05-31 01:45:00",0.09667
"2018-05-31 01:46:00",0.09675
"2018-05-31 01:47:00",0.09676
"2018-05-31 01:48:00",0.09665
"2018-05-31 01:49:00",0.09673
"2018-05-31 01:50:00",0.09664
"2018-05-31 01:51:00",0.09656
"2018-05-31 01:52:00",0.09656
"2018-05-31 01:53:00",0.09653
"2018-05-31 01:54:00",0.09646
"2018-05-31 01:55:00",0.09645
"2018-05-31 01:56:00",0.0965
"2018-05-31 01:57:00",0.09664
"2018-05-31 01:58:00",0.09658
"2018-05-31 01:59:00",0.09665
"2018-05-31 02:00:00",0.09653
"2018-05-31 02:01:00",0.09681
"2018-05-31 02:02:00",0.09665
"2018-05-31 02:03:00",0.0967
"2018-05-31 02:04:00",0.09666
"2018-05-31 02:05:00",0.09664
"2018-05-31 02:06:00",0.09657
"2018-05-31 02:07:00",0.09669
"2018-05-31 02:08:00",0.09645
"2018-05-31 02:09:00",0.09649
"2018-05-31 02:10:00",0.09639
"2018-05-31 02:11:00",0.09637
"2018-05-31 02:12:00",0.09642
"2018-05-31 02:13:00",0.09631
"2018-05-31 02:14:00",0.09617
"2018-05-31 02:15:00",0.09624
"2018-05-31 02:16:00",0.09634
"2018-05-31 02:17:00",0.09641
"2018-05-31 02:18:00",0.09651
"2018-05-31 02:19:00",0.09644
"2018-05-31 02:20:00",0.09632
"2018-05-31 02:21:00",0.09635
"2018-05-31 02:22:00",0.09655
"2018-05-31 02:23:00",0.0966
"2018-05-31 02:24:00",0.09653
"2018-05-31 02:25:00",0.0966
"2018-05-31 02:26:00",0.09667
"2018-05-31 02:27:00",0.09651
"2018-05-31 02:28:00",0.09648
"2018-05-31 02:29:00",0.09646
"2018-05-31 02:30:00",0.09637
"2018-05-31 02:31:00",0.09646
"2018-05-31 02:32:00",0.09634
"2018-05-31 02:33:00",0.09632
"2018-05-31 02:34:00",0.0963
"2018-05-31 02:35:00",0.0963
"2018-05-31 02:36:00",0.09632
"2018-05-31 02:37:00",0.09625
"2018-05-31 02:38:00",0.09638
"2018-05-31 02:39:00",0.09638
"2018-05-31 02:40:00",0.09645
"2018-05-31 02:41:00",0.09646
"2018-05-31 02:42:00",0.09639
"2018-05-31 02:43:00",0.09637
"2018-05-31 02:44:00",0.0963
"2018-05-31 02:45:00",0.09637
"2018-05-31 02:46:00",0.09613
"2018-05-31 02:47:00",0.09621
"2018-05-31 02:48:00",0.09604
"2018-05-31 02:49:00",0.09612
"2018-05-31 02:50:00",0.09611
"2018-05-31 02:51:00",0.09595
"2018-05-31 02:52:00",0.09598
"2018-05-31 02:53:00",0.09589
"2018-05-31 02:54:00",0.09596
"2018-05-31 02:55:00",0.0961
"2018-05-31 02:56:00",0.09639
"2018-05-31 02:57:00",0.09669
"2018-05-31 02:58:00",0.09684
"2018-05-31 02:59:00",0.09661
"2018-05-31 03:00:00",0.09663
"2018-05-31 03:01:00",0.09692
"2018-05-31 03:02:00",0.09687
"2018-05-31 03:03:00",0.09678
"2018-05-31 03:04:00",0.09683
"2018-05-31 03:05:00",0.09698
"2018-05-31 03:06:00",0.09691
"2018-05-31 03:07:00",0.09682
"2018-05-31 03:08:00",0.09666
"2018-05-31 03:09:00",0.09672
"2018-05-31 03:10:00",0.0968
"2018-05-31 03:11:00",0.0968
"2018-05-31 03:12:00",0.09684
"2018-05-31 03:13:00",0.09681
"2018-05-31 03:14:00",0.09683
"2018-05-31 03:15:00",0.09685
"2018-05-31 03:16:00",0.09683
"2018-05-31 03:17:00",0.09683
"2018-05-31 03:18:00",0.09675
"2018-05-31 03:19:00",0.0968
"2018-05-31 03:20:00",0.09682
"2018-05-31 03:21:00",0.09672
"2018-05-31 03:22:00",0.09676
"2018-05-31 03:23:00",0.09677
"2018-05-31 03:24:00",0.09673
"2018-05-31 03:25:00",0.0967
"2018-05-31 03:26:00",0.09661
"2018-05-31 03:27:00",0.09671
"2018-05-31 03:28:00",0.09656
"2018-05-31 03:29:00",0.09662
"2018-05-31 03:30:00",0.09663
"2018-05-31 03:31:00",0.09671
"2018-05-31 03:32:00",0.09657
"2018-05-31 03:33:00",0.09664
"2018-05-31 03:34:00",0.0967
"2018-05-31 03:35:00",0.09676
"2018-05-31 03:36:00",0.0967
"2018-05-31 03:37:00",0.09669
"2018-05-31 03:38:00",0.09683
"2018-05-31 03:39:00",0.09674
"2018-05-31 03:40:00",0.09673
"2018-05-31 03:41:00",0.09686
"2018-05-31 03:42:00",0.09692
"2018-05-31 03:43:00",0.09687
"2018-05-31 03:44:00",0.09694
"2018-05-31 03:45:00",0.09681
"2018-05-31 03:46:00",0.09686
"2018-05-31 03:47:00",0.09687
"2018-05-31 03:48:00",0.09687
"2018-05-31 03:49:00",0.09674
"2018-05-31 03:50:00",0.09664
"2018-05-31 03:51:00",0.09667
"2018-05-31 03:52:00",0.09667
"2018-05-31 03:53:00",0.09666
"2018-05-31 03:54:00",0.09664
"2018-05-31 03:55:00",0.09668
"2018-05-31 03:56:00",0.09672
"2018-05-31 03:57:00",0.09665
"2018-05-31 03:58:00",0.09665
"2018-05-31 03:59:00",0.09666
"2018-05-31 04:00:00",0.09674
"2018-05-31 04:01:00",0.09661
"2018-05-31 04:02:00",0.09657
"2018-05-31 04:03:00",0.09678
"2018-05-31 04:04:00",0.09669
"2018-05-31 04:05:00",0.09678
"2018-05-31 04:06:00",0.09675
"2018-05-31 04:07:00",0.09668
"2018-05-31 04:08:00",0.09674
"2018-05-31 04:09:00",0.09673
"2018-05-31 04:10:00",0.0967
"2018-05-31 04:11:00",0.09672
"2018-05-31 04:12:00",0.09672
"2018-05-31 04:13:00",0.09669
"2018-05-31 04:14:00",0.09669
"2018-05-31 04:15:00",0.09661
"2018-05-31 04:16:00",0.09658
"2018-05-31 04:17:00",0.09654
"2018-05-31 04:18:00",0.09645
"2018-05-31 04:19:00",0.09647
"2018-05-31 04:20:00",0.09654
"2018-05-31 04:21:00",0.09655
"2018-05-31 04:22:00",0.09658
"2018-05-31 04:23:00",0.09671
"2018-05-31 04:24:00",0.09682
"2018-05-31 04:25:00",0.09679
"2018-05-31 04:26:00",0.09664
"2018-05-31 04:27:00",0.09665
"2018-05-31 04:28:00",0.09664
"2018-05-31 04:29:00",0.09671
"2018-05-31 04:30:00",0.09663
"2018-05-31 04:31:00",0.09671
"2018-05-31 04:32:00",0.09679
"2018-05-31 04:33:00",0.09678
"2018-05-31 04:34:00",0.09672
"2018-05-31 04:35:00",0.09678
"2018-05-31 04:36:00",0.09677
"2018-05-31 04:37:00",0.09674
"2018-05-31 04:38:00",0.09671
"2018-05-31 04:39:00",0.09672
"2018-05-31 04:40:00",0.09671
"2018-05-31 04:41:00",0.09675
"2018-05-31 04:42:00",0.09678
"2018-05-31 04:43:00",0.0968
"2018-05-31 04:44:00",0.09689
"2018-05-31 04:45:00",0.09689
"2018-05-31 04:46:00",0.09744
"2018-05-31 04:47:00",0.09754
"2018-05-31 04:48:00",0.09762
"2018-05-31 04:49:00",0.09771
"2018-05-31 04:50:00",0.09781
"2018-05-31 04:51:00",0.09765
"2018-05-31 04:52:00",0.09771
"2018-05-31 04:53:00",0.09776
"2018-05-31 04:54:00",0.09761
"2018-05-31 04:55:00",0.09778
"2018-05-31 04:56:00",0.09798
"2018-05-31 04:57:00",0.09793
"2018-05-31 04:58:00",0.09807
"2018-05-31 04:59:00",0.09807
"2018-05-31 05:00:00",0.09822
"2018-05-31 05:01:00",0.09824
"2018-05-31 05:02:00",0.09825
"2018-05-31 05:03:00",0.09828
"2018-05-31 05:04:00",0.09824
"2018-05-31 05:05:00",0.09822
"2018-05-31 05:06:00",0.0981
"2018-05-31 05:07:00",0.09822
"2018-05-31 05:08:00",0.09809
"2018-05-31 05:09:00",0.09813
"2018-05-31 05:10:00",0.0982
"2018-05-31 05:11:00",0.09817
"2018-05-31 05:12:00",0.09821
"2018-05-31 05:13:00",0.09817
"2018-05-31 05:14:00",0.09808
"2018-05-31 05:15:00",0.09815
"2018-05-31 05:16:00",0.09808
"2018-05-31 05:17:00",0.09824
"2018-05-31 05:18:00",0.09834
"2018-05-31 05:19:00",0.09834
"2018-05-31 05:20:00",0.09835
"2018-05-31 05:21:00",0.09835
"2018-05-31 05:22:00",0.09842
"2018-05-31 05:23:00",0.09835
"2018-05-31 05:24:00",0.09846
"2018-05-31 05:25:00",0.09852
"2018-05-31 05:26:00",0.09847
"2018-05-31 05:27:00",0.09838
"2018-05-31 05:28:00",0.09847
"2018-05-31 05:29:00",0.09856
"2018-05-31 05:30:00",0.09862
"2018-05-31 05:31:00",0.09851
"2018-05-31 05:32:00",0.09882
"2018-05-31 05:33:00",0.09862
"2018-05-31 05:34:00",0.09856
"2018-05-31 05:35:00",0.09856
"2018-05-31 05:36:00",0.09843
"2018-05-31 05:37:00",0.09837
"2018-05-31 05:38:00",0.09833
"2018-05-31 05:39:00",0.0987
"2018-05-31 05:40:00",0.09877
"2018-05-31 05:41:00",0.09871
"2018-05-31 05:42:00",0.09871
"2018-05-31 05:43:00",0.09868
"2018-05-31 05:44:00",0.09871
"2018-05-31 05:45:00",0.09885
"2018-05-31 05:46:00",0.09887
"2018-05-31 05:47:00",0.09878
"2018-05-31 05:48:00",0.09889
"2018-05-31 05:49:00",0.09881
"2018-05-31 05:50:00",0.09877
"2018-05-31 05:51:00",0.09892
"2018-05-31 05:52:00",0.09883
"2018-05-31 05:53:00",0.09867
"2018-05-31 05:54:00",0.09874
"2018-05-31 05:55:00",0.09877
"2018-05-31 05:56:00",0.09869
"2018-05-31 05:57:00",0.09874
"2018-05-31 05:58:00",0.09868
"2018-05-31 05:59:00",0.09878
"2018-05-31 06:00:00",0.09877
"2018-05-31 06:01:00",0.09876
"2018-05-31 06:02:00",0.0987
"2018-05-31 06:03:00",0.09867
"2018-05-31 06:04:00",0.09874
"2018-05-31 06:05:00",0.09873
"2018-05-31 06:06:00",0.09875
"2018-05-31 06:07:00",0.09876
"2018-05-31 06:08:00",0.09879
"2018-05-31 06:09:00",0.09868
"2018-05-31 06:10:00",0.09889
"2018-05-31 06:11:00",0.09889
"2018-05-31 06:12:00",0.09883
"2018-05-31 06:13:00",0.09895
"2018-05-31 06:14:00",0.09883
"2018-05-31 06:15:00",0.0988
"2018-05-31 06:16:00",0.09881
"2018-05-31 06:17:00",0.09874
"2018-05-31 06:18:00",0.09851
"2018-05-31 06:19:00",0.0986
"2018-05-31 06:20:00",0.09861
"2018-05-31 06:21:00",0.09859
"2018-05-31 06:22:00",0.09859
"2018-05-31 06:23:00",0.0986
"2018-05-31 06:24:00",0.09861
"2018-05-31 06:25:00",0.09868
"2018-05-31 06:26:00",0.099
"2018-05-31 06:27:00",0.09895
"2018-05-31 06:28:00",0.09954
"2018-05-31 06:29:00",0.09992
"2018-05-31 06:30:00",0.09952
"2018-05-31 06:31:00",0.09972
"2018-05-31 06:32:00",0.09964
"2018-05-31 06:33:00",0.09982
"2018-05-31 06:34:00",0.09984
"2018-05-31 06:35:00",0.1
"2018-05-31 06:36:00",0.09993
"2018-05-31 06:37:00",0.09977
"2018-05-31 06:38:00",0.09977
"2018-05-31 06:39:00",0.09985
"2018-05-31 06:40:00",0.0999
"2018-05-31 06:41:00",0.09984
"2018-05-31 06:42:00",0.09983
"2018-05-31 06:43:00",0.09994
"2018-05-31 06:44:00",0.09996
"2018-05-31 06:45:00",0.09999
"2018-05-31 06:46:00",0.1
"2018-05-31 06:47:00",0.1
"2018-05-31 06:48:00",0.09996
"2018-05-31 06:49:00",0.1
"2018-05-31 06:50:00",0.1
"2018-05-31 06:51:00",0.1
"2018-05-31 06:52:00",0.09994
"2018-05-31 06:53:00",0.1
"2018-05-31 06:54:00",0.09998
"2018-05-31 06:55:00",0.1
"2018-05-31 06:56:00",0.1001
"2018-05-31 06:57:00",0.1001
"2018-05-31 06:58:00",0.09996
"2018-05-31 06:59:00",0.09977
"2018-05-31 07:00:00",0.09972
"2018-05-31 07:01:00",0.09985
"2018-05-31 07:02:00",0.09971
"2018-05-31 07:03:00",0.09978
"2018-05-31 07:04:00",0.09977
"2018-05-31 07:05:00",0.09977
"2018-05-31 07:06:00",0.09972
"2018-05-31 07:07:00",0.09962
"2018-05-31 07:08:00",0.09958
"2018-05-31 07:09:00",0.09966
"2018-05-31 07:10:00",0.09968
"2018-05-31 07:11:00",0.09954
"2018-05-31 07:12:00",0.09949
"2018-05-31 07:13:00",0.09948
"2018-05-31 07:14:00",0.09955
"2018-05-31 07:15:00",0.09946
"2018-05-31 07:16:00",0.0995
"2018-05-31 07:17:00",0.09955
"2018-05-31 07:18:00",0.09943
"2018-05-31 07:19:00",0.09932
"2018-05-31 07:20:00",0.09962
"2018-05-31 07:21:00",0.09952
"2018-05-31 07:22:00",0.09951
"2018-05-31 07:23:00",0.09957
"2018-05-31 07:24:00",0.09962
"2018-05-31 07:25:00",0.0997
"2018-05-31 07:26:00",0.09977
"2018-05-31 07:27:00",0.09961
"2018-05-31 07:28:00",0.09966
"2018-05-31 07:29:00",0.09965
"2018-05-31 07:30:00",0.0997
"2018-05-31 07:31:00",0.09973
"2018-05-31 07:32:00",0.09986
"2018-05-31 07:33:00",0.09993
"2018-05-31 07:34:00",0.09995
"2018-05-31 07:35:00",0.09991
"2018-05-31 07:36:00",0.09989
"2018-05-31 07:37:00",0.09986
"2018-05-31 07:38:00",0.09977
"2018-05-31 07:39:00",0.09986
"2018-05-31 07:40:00",0.09992
"2018-05-31 07:41:00",0.09992
"2018-05-31 07:42:00",0.1
"2018-05-31 07:43:00",0.1
"2018-05-31 07:44:00",0.09996
"2018-05-31 07:45:00",0.09999
"2018-05-31 07:46:00",0.1001
"2018-05-31 07:47:00",0.1
"2018-05-31 07:48:00",0.1001
"2018-05-31 07:49:00",0.1001
"2018-05-31 07:50:00",0.09994
"2018-05-31 07:51:00",0.1
"2018-05-31 07:52:00",0.09993
"2018-05-31 07:53:00",0.09997
"2018-05-31 07:54:00",0.09994
"2018-05-31 07:55:00",0.0999
"2018-05-31 07:56:00",0.09997
"2018-05-31 07:57:00",0.09995
"2018-05-31 07:58:00",0.1
"2018-05-31 07:59:00",0.1
"2018-05-31 08:00:00",0.1001
"2018-05-31 08:01:00",0.1002
"2018-05-31 08:02:00",0.1001
"2018-05-31 08:03:00",0.1003
"2018-05-31 08:04:00",0.1003
"2018-05-31 08:05:00",0.1004
"2018-05-31 08:06:00",0.1006
"2018-05-31 08:07:00",0.1004
"2018-05-31 08:08:00",0.1004
"2018-05-31 08:09:00",0.1012
"2018-05-31 08:10:00",0.101
"2018-05-31 08:11:00",0.1014
"2018-05-31 08:12:00",0.1014
"2018-05-31 08:13:00",0.1016
"2018-05-31 08:14:00",0.1016
"2018-05-31 08:15:00",0.1016
"2018-05-31 08:16:00",0.1018
"2018-05-31 08:17:00",0.1018
"2018-05-31 08:18:00",0.1021
"2018-05-31 08:19:00",0.1023
"2018-05-31 08:20:00",0.1022
"2018-05-31 08:21:00",0.1021
"2018-05-31 08:22:00",0.1024
"2018-05-31 08:23:00",0.1024
"2018-05-31 08:24:00",0.1029
"2018-05-31 08:25:00",0.1026
"2018-05-31 08:26:00",0.102
"2018-05-31 08:27:00",0.1019
"2018-05-31 08:28:00",0.1019
"2018-05-31 08:29:00",0.1017
"2018-05-31 08:30:00",0.1018
"2018-05-31 08:31:00",0.1017
"2018-05-31 08:32:00",0.1016
"2018-05-31 08:33:00",0.1016
"2018-05-31 08:34:00",0.1014
"2018-05-31 08:35:00",0.1013
"2018-05-31 08:36:00",0.1011
"2018-05-31 08:37:00",0.1011
"2018-05-31 08:38:00",0.1011
"2018-05-31 08:39:00",0.1011
"2018-05-31 08:40:00",0.101
"2018-05-31 08:41:00",0.1011
"2018-05-31 08:42:00",0.1013
"2018-05-31 08:43:00",0.1012
"2018-05-31 08:44:00",0.1012
"2018-05-31 08:45:00",0.1012
"2018-05-31 08:46:00",0.1011
"2018-05-31 08:47:00",0.1011
"2018-05-31 08:48:00",0.101
"2018-05-31 08:49:00",0.1012
"2018-05-31 08:50:00",0.1013
"2018-05-31 08:51:00",0.1012
"2018-05-31 08:52:00",0.1012
"2018-05-31 08:53:00",0.1012
"2018-05-31 08:54:00",0.1012
"2018-05-31 08:55:00",0.1012
"2018-05-31 08:56:00",0.1013
"2018-05-31 08:57:00",0.1013
"2018-05-31 08:58:00",0.1014
"2018-05-31 08:59:00",0.1014
"2018-05-31 09:00:00",0.1014
"2018-05-31 09:01:00",0.1012
"2018-05-31 09:02:00",0.1013
"2018-05-31 09:03:00",0.1013
"2018-05-31 09:04:00",0.1012
"2018-05-31 09:05:00",0.1012
"2018-05-31 09:06:00",0.1012
"2018-05-31 09:07:00",0.1009
"2018-05-31 09:08:00",0.101
"2018-05-31 09:09:00",0.1009
"2018-05-31 09:10:00",0.1009
"2018-05-31 09:11:00",0.1008
"2018-05-31 09:12:00",0.1009
"2018-05-31 09:13:00",0.1008
"2018-05-31 09:14:00",0.1007
"2018-05-31 09:15:00",0.1009
"2018-05-31 09:16:00",0.1007
"2018-05-31 09:17:00",0.1008
"2018-05-31 09:18:00",0.1009
"2018-05-31 09:19:00",0.1009
"2018-05-31 09:20:00",0.1008
"2018-05-31 09:21:00",0.1009
"2018-05-31 09:22:00",0.1008
"2018-05-31 09:23:00",0.1008
"2018-05-31 09:24:00",0.1008
"2018-05-31 09:25:00",0.1009
"2018-05-31 09:26:00",0.1009
"2018-05-31 09:27:00",0.1009
"2018-05-31 09:28:00",0.1009
"2018-05-31 09:29:00",0.1012
"2018-05-31 09:30:00",0.1013
"2018-05-31 09:31:00",0.1012
"2018-05-31 09:32:00",0.1013
"2018-05-31 09:33:00",0.1013
"2018-05-31 09:34:00",0.1013
"2018-05-31 09:35:00",0.1013
"2018-05-31 09:36:00",0.1012
"2018-05-31 09:37:00",0.1013
"2018-05-31 09:38:00",0.1012
"2018-05-31 09:39:00",0.1011
"2018-05-31 09:40:00",0.1011
"2018-05-31 09:41:00",0.1011
"2018-05-31 09:42:00",0.1012
"2018-05-31 09:43:00",0.1012
"2018-05-31 09:44:00",0.1014
"2018-05-31 09:45:00",0.1013
"2018-05-31 09:46:00",0.1014
"2018-05-31 09:47:00",0.1015
"2018-05-31 09:48:00",0.1014
"2018-05-31 09:49:00",0.1014
"2018-05-31 09:50:00",0.1016
"2018-05-31 09:51:00",0.1018
"2018-05-31 09:52:00",0.1018
"2018-05-31 09:53:00",0.1017
"2018-05-31 09:54:00",0.1017
"2018-05-31 09:55:00",0.1019
"2018-05-31 09:56:00",0.1018
"2018-05-31 09:57:00",0.1018
"2018-05-31 09:58:00",0.1018
"2018-05-31 09:59:00",0.1018
"2018-05-31 10:00:00",0.1018
"2018-05-31 10:01:00",0.1016
"2018-05-31 10:02:00",0.1012
"2018-05-31 10:03:00",0.101
"2018-05-31 10:04:00",0.1008
"2018-05-31 10:05:00",0.1012
"2018-05-31 10:06:00",0.1012
"2018-05-31 10:07:00",0.101
"2018-05-31 10:08:00",0.1009
"2018-05-31 10:09:00",0.101
"2018-05-31 10:10:00",0.1009
"2018-05-31 10:11:00",0.101
"2018-05-31 10:12:00",0.101
"2018-05-31 10:13:00",0.1011
"2018-05-31 10:14:00",0.101
"2018-05-31 10:15:00",0.101
"2018-05-31 10:16:00",0.1011
"2018-05-31 10:17:00",0.1011
"2018-05-31 10:18:00",0.101
"2018-05-31 10:19:00",0.1009
"2018-05-31 10:20:00",0.101
"2018-05-31 10:21:00",0.101
"2018-05-31 10:22:00",0.1009
"2018-05-31 10:23:00",0.1008
"2018-05-31 10:24:00",0.1009
"2018-05-31 10:25:00",0.1009
"2018-05-31 10:26:00",0.1009
"2018-05-31 10:27:00",0.1009
"2018-05-31 10:28:00",0.1009
"2018-05-31 10:29:00",0.1008
"2018-05-31 10:30:00",0.1008
"2018-05-31 10:31:00",0.1008
"2018-05-31 10:32:00",0.1008
"2018-05-31 10:33:00",0.1007
"2018-05-31 10:34:00",0.1007
"2018-05-31 10:35:00",0.1007
"2018-05-31 10:36:00",0.1006
"2018-05-31 10:37:00",0.1006
"2018-05-31 10:38:00",0.1006
"2018-05-31 10:39:00",0.1006
"2018-05-31 10:40:00",0.1006
"2018-05-31 10:41:00",0.1006
"2018-05-31 10:42:00",0.1004
"2018-05-31 10:43:00",0.1004
"2018-05-31 10:44:00",0.1005
"2018-05-31 10:45:00",0.1002
"2018-05-31 10:46:00",0.1003
"2018-05-31 10:47:00",0.1002
"2018-05-31 10:48:00",0.1003
"2018-05-31 10:49:00",0.1003
"2018-05-31 10:50:00",0.1004
"2018-05-31 10:51:00",0.1004
"2018-05-31 10:52:00",0.1005
"2018-05-31 10:53:00",0.1006
"2018-05-31 10:54:00",0.1006
"2018-05-31 10:55:00",0.1007
"2018-05-31 10:56:00",0.1007
"2018-05-31 10:57:00",0.1009
"2018-05-31 10:58:00",0.1008
"2018-05-31 10:59:00",0.1009
"2018-05-31 11:00:00",0.1009
"2018-05-31 11:01:00",0.1009
"2018-05-31 11:02:00",0.101
"2018-05-31 11:03:00",0.1011
"2018-05-31 11:04:00",0.101
"2018-05-31 11:05:00",0.1009
"2018-05-31 11:06:00",0.1008
"2018-05-31 11:07:00",0.1008
"2018-05-31 11:08:00",0.101
"2018-05-31 11:09:00",0.1011
"2018-05-31 11:10:00",0.1012
"2018-05-31 11:11:00",0.1011
"2018-05-31 11:12:00",0.1011
"2018-05-31 11:13:00",0.1011
"2018-05-31 11:14:00",0.1011
"2018-05-31 11:15:00",0.1013
"2018-05-31 11:16:00",0.1013
"2018-05-31 11:17:00",0.1012
"2018-05-31 11:18:00",0.1012
"2018-05-31 11:19:00",0.1011
"2018-05-31 11:20:00",0.1012
"2018-05-31 11:21:00",0.1011
"2018-05-31 11:22:00",0.1011
"2018-05-31 11:23:00",0.101
"2018-05-31 11:24:00",0.101
"2018-05-31 11:25:00",0.101
"2018-05-31 11:26:00",0.101
"2018-05-31 11:27:00",0.101
"2018-05-31 11:28:00",0.101
"2018-05-31 11:29:00",0.101
"2018-05-31 11:30:00",0.1009
"2018-05-31 11:31:00",0.1009
"2018-05-31 11:32:00",0.1009
"2018-05-31 11:33:00",0.1009
"2018-05-31 11:34:00",0.1009
"2018-05-31 11:35:00",0.1009
"2018-05-31 11:36:00",0.1009
"2018-05-31 11:37:00",0.101
"2018-05-31 11:38:00",0.1011
"2018-05-31 11:39:00",0.1009
"2018-05-31 11:40:00",0.1011
"2018-05-31 11:41:00",0.1011
"2018-05-31 11:42:00",0.101
"2018-05-31 11:43:00",0.1011
"2018-05-31 11:44:00",0.1011
"2018-05-31 11:45:00",0.1011
"2018-05-31 11:46:00",0.1013
"2018-05-31 11:47:00",0.1014
"2018-05-31 11:48:00",0.1014
"2018-05-31 11:49:00",0.1014
"2018-05-31 11:50:00",0.1015
"2018-05-31 11:51:00",0.1015
"2018-05-31 11:52:00",0.1015
"2018-05-31 11:53:00",0.1015
"2018-05-31 11:54:00",0.1015
"2018-05-31 11:55:00",0.1013
"2018-05-31 11:56:00",0.1013
"2018-05-31 11:57:00",0.1013
"2018-05-31 11:58:00",0.1013
"2018-05-31 11:59:00",0.1014
"2018-05-31 12:00:00",0.1015
"2018-05-31 12:01:00",0.1014
"2018-05-31 12:02:00",0.1013
"2018-05-31 12:03:00",0.1013
"2018-05-31 12:04:00",0.1013
"2018-05-31 12:05:00",0.1013
"2018-05-31 12:06:00",0.1012
"2018-05-31 12:07:00",0.1012
"2018-05-31 12:08:00",0.1012
"2018-05-31 12:09:00",0.1012
"2018-05-31 12:10:00",0.1012
"2018-05-31 12:11:00",0.1012
"2018-05-31 12:12:00",0.1012
"2018-05-31 12:13:00",0.1011
"2018-05-31 12:14:00",0.1012
"2018-05-31 12:15:00",0.1012
"2018-05-31 12:16:00",0.1012
"2018-05-31 12:17:00",0.1011
"2018-05-31 12:18:00",0.101
"2018-05-31 12:19:00",0.1014
"2018-05-31 12:20:00",0.1013
"2018-05-31 12:21:00",0.1014
"2018-05-31 12:22:00",0.1015
"2018-05-31 12:23:00",0.1015
"2018-05-31 12:24:00",0.1017
"2018-05-31 12:25:00",0.1015
"2018-05-31 12:26:00",0.1016
"2018-05-31 12:27:00",0.1016
"2018-05-31 12:28:00",0.1016
"2018-05-31 12:29:00",0.1016
"2018-05-31 12:30:00",0.1016
"2018-05-31 12:31:00",0.1012
"2018-05-31 12:32:00",0.1013
"2018-05-31 12:33:00",0.1013
"2018-05-31 12:34:00",0.1013
"2018-05-31 12:35:00",0.1012
"2018-05-31 12:36:00",0.1011
"2018-05-31 12:37:00",0.1012
"2018-05-31 12:38:00",0.1012
"2018-05-31 12:39:00",0.1012
"2018-05-31 12:40:00",0.1012
"2018-05-31 12:41:00",0.1012
"2018-05-31 12:42:00",0.1012
"2018-05-31 12:43:00",0.1012
"2018-05-31 12:44:00",0.1012
"2018-05-31 12:45:00",0.1012
"2018-05-31 12:46:00",0.1012
"2018-05-31 12:47:00",0.1011
"2018-05-31 12:48:00",0.1012
"2018-05-31 12:49:00",0.1012
"2018-05-31 12:50:00",0.1012
"2018-05-31 12:51:00",0.1012
"2018-05-31 12:52:00",0.1011
"2018-05-31 12:53:00",0.1011
"2018-05-31 12:54:00",0.1011
"2018-05-31 12:55:00",0.1012
"2018-05-31 12:56:00",0.1012
"2018-05-31 12:57:00",0.1011
"2018-05-31 12:58:00",0.1012
"2018-05-31 12:59:00",0.1011
"2018-05-31 13:00:00",0.1013
"2018-05-31 13:01:00",0.101
"2018-05-31 13:02:00",0.101
"2018-05-31 13:03:00",0.101
"2018-05-31 13:04:00",0.1009
"2018-05-31 13:05:00",0.1009
"2018-05-31 13:06:00",0.1008
"2018-05-31 13:07:00",0.1008
"2018-05-31 13:08:00",0.1008
"2018-05-31 13:09:00",0.1009
"2018-05-31 13:10:00",0.1006
"2018-05-31 13:11:00",0.1006
"2018-05-31 13:12:00",0.1005
"2018-05-31 13:13:00",0.1004
"2018-05-31 13:14:00",0.1003
"2018-05-31 13:15:00",0.1003
"2018-05-31 13:16:00",0.1002
"2018-05-31 13:17:00",0.1002
"2018-05-31 13:18:00",0.1003
"2018-05-31 13:19:00",0.1003
"2018-05-31 13:20:00",0.1003
"2018-05-31 13:21:00",0.1002
"2018-05-31 13:22:00",0.1002
"2018-05-31 13:23:00",0.1002
"2018-05-31 13:24:00",0.1002
"2018-05-31 13:25:00",0.1002
"2018-05-31 13:26:00",0.1002
"2018-05-31 13:27:00",0.1002
"2018-05-31 13:28:00",0.1002
"2018-05-31 13:29:00",0.1003
"2018-05-31 13:30:00",0.1003
"2018-05-31 13:31:00",0.1002
"2018-05-31 13:32:00",0.1002
"2018-05-31 13:33:00",0.1003
"2018-05-31 13:34:00",0.1002
"2018-05-31 13:35:00",0.1003
"2018-05-31 13:36:00",0.1002
"2018-05-31 13:37:00",0.1003
"2018-05-31 13:38:00",0.1003
"2018-05-31 13:39:00",0.1004
"2018-05-31 13:40:00",0.1004
"2018-05-31 13:41:00",0.1005
"2018-05-31 13:42:00",0.1005
"2018-05-31 13:43:00",0.1005
"2018-05-31 13:44:00",0.1004
"2018-05-31 13:45:00",0.1004
"2018-05-31 13:46:00",0.1004
"2018-05-31 13:47:00",0.1003
"2018-05-31 13:48:00",0.1003
"2018-05-31 13:49:00",0.1003
"2018-05-31 13:50:00",0.1003
"2018-05-31 13:51:00",0.1004
"2018-05-31 13:52:00",0.1003
"2018-05-31 13:53:00",0.1003
"2018-05-31 13:54:00",0.1003
"2018-05-31 13:55:00",0.1003
"2018-05-31 13:56:00",0.1003
"2018-05-31 13:57:00",0.1003
"2018-05-31 13:58:00",0.1002
"2018-05-31 13:59:00",0.1003
"2018-05-31 14:00:00",0.1001
"2018-05-31 14:01:00",0.1
"2018-05-31 14:02:00",0.09991
"2018-05-31 14:03:00",0.09995
"2018-05-31 14:04:00",0.1
"2018-05-31 14:05:00",0.1
"2018-05-31 14:06:00",0.1
"2018-05-31 14:07:00",0.09988
"2018-05-31 14:08:00",0.1002
"2018-05-31 14:09:00",0.1001
"2018-05-31 14:10:00",0.1003
"2018-05-31 14:11:00",0.1003
"2018-05-31 14:12:00",0.1002
"2018-05-31 14:13:00",0.1001
"2018-05-31 14:14:00",0.1001
"2018-05-31 14:15:00",0.1002
"2018-05-31 14:16:00",0.1001
"2018-05-31 14:17:00",0.09997
"2018-05-31 14:18:00",0.1004
"2018-05-31 14:19:00",0.1003
"2018-05-31 14:20:00",0.1005
"2018-05-31 14:21:00",0.1006
"2018-05-31 14:22:00",0.1004
"2018-05-31 14:23:00",0.1007
"2018-05-31 14:24:00",0.1009
"2018-05-31 14:25:00",0.1011
"2018-05-31 14:26:00",0.1015
"2018-05-31 14:27:00",0.1009
"2018-05-31 14:28:00",0.1008
"2018-05-31 14:29:00",0.101
"2018-05-31 14:30:00",0.101
"2018-05-31 14:31:00",0.101
"2018-05-31 14:32:00",0.1012
"2018-05-31 14:33:00",0.1011
"2018-05-31 14:34:00",0.1011
"2018-05-31 14:35:00",0.1011
"2018-05-31 14:36:00",0.1009
"2018-05-31 14:37:00",0.101
"2018-05-31 14:38:00",0.101
"2018-05-31 14:39:00",0.1011
"2018-05-31 14:40:00",0.1011
"2018-05-31 14:41:00",0.1011
"2018-05-31 14:42:00",0.1011
"2018-05-31 14:43:00",0.1011
"2018-05-31 14:44:00",0.1012
"2018-05-31 14:45:00",0.1012
"2018-05-31 14:46:00",0.1011
"2018-05-31 14:47:00",0.1012
"2018-05-31 14:48:00",0.1013
"2018-05-31 14:49:00",0.1014
"2018-05-31 14:50:00",0.1014
"2018-05-31 14:51:00",0.1014
"2018-05-31 14:52:00",0.1014
"2018-05-31 14:53:00",0.1014
"2018-05-31 14:54:00",0.1014
"2018-05-31 14:55:00",0.1015
"2018-05-31 14:56:00",0.1014
"2018-05-31 14:57:00",0.1015
"2018-05-31 14:58:00",0.1015
"2018-05-31 14:59:00",0.1014
"2018-05-31 15:00:00",0.1017
"2018-05-31 15:01:00",0.1016
"2018-05-31 15:02:00",0.1016
"2018-05-31 15:03:00",0.1015
"2018-05-31 15:04:00",0.1015
"2018-05-31 15:05:00",0.1015
"2018-05-31 15:06:00",0.1014
"2018-05-31 15:07:00",0.1015
"2018-05-31 15:08:00",0.1017
"2018-05-31 15:09:00",0.1017
"2018-05-31 15:10:00",0.1016
"2018-05-31 15:11:00",0.1018
"2018-05-31 15:12:00",0.1017
"2018-05-31 15:13:00",0.1018
"2018-05-31 15:14:00",0.1018
"2018-05-31 15:15:00",0.102
"2018-05-31 15:16:00",0.1019
"2018-05-31 15:17:00",0.1019
"2018-05-31 15:18:00",0.102
"2018-05-31 15:19:00",0.102
"2018-05-31 15:20:00",0.1021
"2018-05-31 15:21:00",0.1021
"2018-05-31 15:22:00",0.1021
"2018-05-31 15:23:00",0.1021
"2018-05-31 15:24:00",0.1022
"2018-05-31 15:25:00",0.1022
"2018-05-31 15:26:00",0.102
"2018-05-31 15:27:00",0.102
"2018-05-31 15:28:00",0.1019
"2018-05-31 15:29:00",0.1019
"2018-05-31 15:30:00",0.1022
"2018-05-31 15:31:00",0.1021
"2018-05-31 15:32:00",0.1021
"2018-05-31 15:33:00",0.102
"2018-05-31 15:34:00",0.1019
"2018-05-31 15:35:00",0.1018
"2018-05-31 15:36:00",0.1029
"2018-05-31 15:37:00",0.1021
"2018-05-31 15:38:00",0.1021
"2018-05-31 15:39:00",0.102
"2018-05-31 15:40:00",0.102
"2018-05-31 15:41:00",0.1021
"2018-05-31 15:42:00",0.1021
"2018-05-31 15:43:00",0.1019
"2018-05-31 15:44:00",0.102
"2018-05-31 15:45:00",0.102
"2018-05-31 15:46:00",0.1021
"2018-05-31 15:47:00",0.1022
"2018-05-31 15:48:00",0.1023
"2018-05-31 15:49:00",0.1023
"2018-05-31 15:50:00",0.1027
"2018-05-31 15:51:00",0.1024
"2018-05-31 15:52:00",0.1026
"2018-05-31 15:53:00",0.1026
"2018-05-31 15:54:00",0.1027
"2018-05-31 15:55:00",0.1027
"2018-05-31 15:56:00",0.1031
"2018-05-31 15:57:00",0.103
"2018-05-31 15:58:00",0.1032
"2018-05-31 15:59:00",0.1032
"2018-05-31 16:00:00",0.1032
"2018-05-31 16:01:00",0.1033
"2018-05-31 16:02:00",0.1033
"2018-05-31 16:03:00",0.1032
"2018-05-31 16:04:00",0.1033
"2018-05-31 16:05:00",0.1032
"2018-05-31 16:06:00",0.1031
"2018-05-31 16:07:00",0.1031
"2018-05-31 16:08:00",0.103
"2018-05-31 16:09:00",0.103
"2018-05-31 16:10:00",0.103
"2018-05-31 16:11:00",0.103
"2018-05-31 16:12:00",0.103
"2018-05-31 16:13:00",0.1027
"2018-05-31 16:14:00",0.1028
"2018-05-31 16:15:00",0.1026
"2018-05-31 16:16:00",0.1028
"2018-05-31 16:17:00",0.1027
"2018-05-31 16:18:00",0.1027
"2018-05-31 16:19:00",0.1025
"2018-05-31 16:20:00",0.1026
"2018-05-31 16:21:00",0.1027
"2018-05-31 16:22:00",0.1027
"2018-05-31 16:23:00",0.1025
"2018-05-31 16:24:00",0.1025
"2018-05-31 16:25:00",0.1024
"2018-05-31 16:26:00",0.1026
"2018-05-31 16:27:00",0.1029
"2018-05-31 16:28:00",0.1026
"2018-05-31 16:29:00",0.1026
"2018-05-31 16:30:00",0.1026
"2018-05-31 16:31:00",0.1026
"2018-05-31 16:32:00",0.1023
"2018-05-31 16:33:00",0.1021
"2018-05-31 16:34:00",0.1022
"2018-05-31 16:35:00",0.1021
"2018-05-31 16:36:00",0.1021
"2018-05-31 16:37:00",0.1026
"2018-05-31 16:38:00",0.1026
"2018-05-31 16:39:00",0.1025
"2018-05-31 16:40:00",0.1027
"2018-05-31 16:41:00",0.1026
"2018-05-31 16:42:00",0.1026
"2018-05-31 16:43:00",0.1026
"2018-05-31 16:44:00",0.1025
"2018-05-31 16:45:00",0.1025
"2018-05-31 16:46:00",0.1028
"2018-05-31 16:47:00",0.1027
"2018-05-31 16:48:00",0.1028
"2018-05-31 16:49:00",0.1028
"2018-05-31 16:50:00",0.1029
"2018-05-31 16:51:00",0.1029
"2018-05-31 16:52:00",0.1029
"2018-05-31 16:53:00",0.1029
"2018-05-31 16:54:00",0.1029
"2018-05-31 16:55:00",0.1031
"2018-05-31 16:56:00",0.1031
"2018-05-31 16:57:00",0.103
"2018-05-31 16:58:00",0.103
"2018-05-31 16:59:00",0.1031
"2018-05-31 17:00:00",0.103
"2018-05-31 17:01:00",0.1032
"2018-05-31 17:02:00",0.1032
"2018-05-31 17:03:00",0.1031
"2018-05-31 17:04:00",0.1032
"2018-05-31 17:05:00",0.1033
"2018-05-31 17:06:00",0.1033
"2018-05-31 17:07:00",0.1033
"2018-05-31 17:08:00",0.1033
"2018-05-31 17:09:00",0.1033
"2018-05-31 17:10:00",0.1033
"2018-05-31 17:11:00",0.103
"2018-05-31 17:12:00",0.1032
"2018-05-31 17:13:00",0.1031
"2018-05-31 17:14:00",0.1031
"2018-05-31 17:15:00",0.103
"2018-05-31 17:16:00",0.1033
"2018-05-31 17:17:00",0.1031
"2018-05-31 17:18:00",0.103
"2018-05-31 17:19:00",0.1031
"2018-05-31 17:20:00",0.103
"2018-05-31 17:21:00",0.1031
"2018-05-31 17:22:00",0.1032
"2018-05-31 17:23:00",0.1031
"2018-05-31 17:24:00",0.1031
"2018-05-31 17:25:00",0.1032
"2018-05-31 17:26:00",0.1033
"2018-05-31 17:27:00",0.1033
"2018-05-31 17:28:00",0.1033
"2018-05-31 17:29:00",0.1034
"2018-05-31 17:30:00",0.1034
"2018-05-31 17:31:00",0.1033
"2018-05-31 17:32:00",0.1033
"2018-05-31 17:33:00",0.1032
"2018-05-31 17:34:00",0.1031
"2018-05-31 17:35:00",0.1031
"2018-05-31 17:36:00",0.1031
"2018-05-31 17:37:00",0.1033
"2018-05-31 17:38:00",0.1033
"2018-05-31 17:39:00",0.1034
"2018-05-31 17:40:00",0.1035
"2018-05-31 17:41:00",0.1034
"2018-05-31 17:42:00",0.1035
"2018-05-31 17:43:00",0.1035
"2018-05-31 17:44:00",0.1034
"2018-05-31 17:45:00",0.1035
"2018-05-31 17:46:00",0.1039
"2018-05-31 17:47:00",0.1038
"2018-05-31 17:48:00",0.1036
"2018-05-31 17:49:00",0.1036
"2018-05-31 17:50:00",0.1037
"2018-05-31 17:51:00",0.1035
"2018-05-31 17:52:00",0.1035
"2018-05-31 17:53:00",0.1034
"2018-05-31 17:54:00",0.1035
"2018-05-31 17:55:00",0.1037
"2018-05-31 17:56:00",0.1038
"2018-05-31 17:57:00",0.1038
"2018-05-31 17:58:00",0.1037
"2018-05-31 17:59:00",0.1037
"2018-05-31 18:00:00",0.1037
"2018-05-31 18:01:00",0.1037
"2018-05-31 18:02:00",0.1037
"2018-05-31 18:03:00",0.1038
"2018-05-31 18:04:00",0.1038
"2018-05-31 18:05:00",0.1038
"2018-05-31 18:06:00",0.1039
"2018-05-31 18:07:00",0.1038
"2018-05-31 18:08:00",0.1036
"2018-05-31 18:09:00",0.1037
"2018-05-31 18:10:00",0.1037
"2018-05-31 18:11:00",0.1037
"2018-05-31 18:12:00",0.1037
"2018-05-31 18:13:00",0.1036
"2018-05-31 18:14:00",0.1035
"2018-05-31 18:15:00",0.1038
"2018-05-31 18:16:00",0.1037
"2018-05-31 18:17:00",0.1036
"2018-05-31 18:18:00",0.1037
"2018-05-31 18:19:00",0.1036
"2018-05-31 18:20:00",0.1038
"2018-05-31 18:21:00",0.104
"2018-05-31 18:22:00",0.104
"2018-05-31 18:23:00",0.1038
"2018-05-31 18:24:00",0.104
"2018-05-31 18:25:00",0.1039
"2018-05-31 18:26:00",0.104
"2018-05-31 18:27:00",0.1038
"2018-05-31 18:28:00",0.1038
"2018-05-31 18:29:00",0.1037
"2018-05-31 18:30:00",0.1037
"2018-05-31 18:31:00",0.1038
"2018-05-31 18:32:00",0.1038
"2018-05-31 18:33:00",0.1038
"2018-05-31 18:34:00",0.1038
"2018-05-31 18:35:00",0.1037
"2018-05-31 18:36:00",0.1035
"2018-05-31 18:37:00",0.1034
"2018-05-31 18:38:00",0.1035
"2018-05-31 18:39:00",0.1037
"2018-05-31 18:40:00",0.1037
"2018-05-31 18:41:00",0.1036
"2018-05-31 18:42:00",0.1036
"2018-05-31 18:43:00",0.1036
"2018-05-31 18:44:00",0.1035
"2018-05-31 18:45:00",0.1036
"2018-05-31 18:46:00",0.1035
"2018-05-31 18:47:00",0.1035
"2018-05-31 18:48:00",0.1033
"2018-05-31 18:49:00",0.1033
"2018-05-31 18:50:00",0.1033
"2018-05-31 18:51:00",0.1033
"2018-05-31 18:52:00",0.1033
"2018-05-31 18:53:00",0.1033
"2018-05-31 18:54:00",0.1033
"2018-05-31 18:55:00",0.1032
"2018-05-31 18:56:00",0.1031
"2018-05-31 18:57:00",0.1032
"2018-05-31 18:58:00",0.1031
"2018-05-31 18:59:00",0.103
"2018-05-31 19:00:00",0.1028
"2018-05-31 19:01:00",0.1028
"2018-05-31 19:02:00",0.1028
"2018-05-31 19:03:00",0.1028
"2018-05-31 19:04:00",0.1028
"2018-05-31 19:05:00",0.1027
"2018-05-31 19:06:00",0.1027
"2018-05-31 19:07:00",0.1027
"2018-05-31 19:08:00",0.1026
"2018-05-31 19:09:00",0.1028
"2018-05-31 19:10:00",0.1027
"2018-05-31 19:11:00",0.1027
"2018-05-31 19:12:00",0.1029
"2018-05-31 19:13:00",0.1029
"2018-05-31 19:14:00",0.1029
"2018-05-31 19:15:00",0.103
"2018-05-31 19:16:00",0.1029
"2018-05-31 19:17:00",0.1028
"2018-05-31 19:18:00",0.1029
"2018-05-31 19:19:00",0.1029
"2018-05-31 19:20:00",0.1028
"2018-05-31 19:21:00",0.1028
"2018-05-31 19:22:00",0.1029
"2018-05-31 19:23:00",0.1028
"2018-05-31 19:24:00",0.1028
"2018-05-31 19:25:00",0.1027
"2018-05-31 19:26:00",0.1032
"2018-05-31 19:27:00",0.1029
"2018-05-31 19:28:00",0.1029
"2018-05-31 19:29:00",0.1029
"2018-05-31 19:30:00",0.103
"2018-05-31 19:31:00",0.1029
"2018-05-31 19:32:00",0.1029
"2018-05-31 19:33:00",0.1029
"2018-05-31 19:34:00",0.1029
"2018-05-31 19:35:00",0.1029
"2018-05-31 19:36:00",0.1029
"2018-05-31 19:37:00",0.1029
"2018-05-31 19:38:00",0.1029
"2018-05-31 19:39:00",0.103
"2018-05-31 19:40:00",0.103
"2018-05-31 19:41:00",0.103
"2018-05-31 19:42:00",0.103
"2018-05-31 19:43:00",0.1029
"2018-05-31 19:44:00",0.103
"2018-05-31 19:45:00",0.1029
"2018-05-31 19:46:00",0.103
"2018-05-31 19:47:00",0.103
"2018-05-31 19:48:00",0.103
"2018-05-31 19:49:00",0.103
"2018-05-31 19:50:00",0.103
"2018-05-31 19:51:00",0.1028
"2018-05-31 19:52:00",0.1028
"2018-05-31 19:53:00",0.1028
"2018-05-31 19:54:00",0.1029
"2018-05-31 19:55:00",0.1028
"2018-05-31 19:56:00",0.1028
"2018-05-31 19:57:00",0.1028
"2018-05-31 19:58:00",0.1027
"2018-05-31 19:59:00",0.1027
"2018-05-31 20:00:00",0.1027
"2018-05-31 20:01:00",0.1025
"2018-05-31 20:02:00",0.1026
"2018-05-31 20:03:00",0.1027
"2018-05-31 20:04:00",0.1026
"2018-05-31 20:05:00",0.1027
"2018-05-31 20:06:00",0.1027
"2018-05-31 20:07:00",0.1027
"2018-05-31 20:08:00",0.1026
"2018-05-31 20:09:00",0.1025
"2018-05-31 20:10:00",0.1026
"2018-05-31 20:11:00",0.1026
"2018-05-31 20:12:00",0.1026
"2018-05-31 20:13:00",0.1025
"2018-05-31 20:14:00",0.1026
"2018-05-31 20:15:00",0.1026
"2018-05-31 20:16:00",0.1027
"2018-05-31 20:17:00",0.1026
"2018-05-31 20:18:00",0.1026
"2018-05-31 20:19:00",0.1026
"2018-05-31 20:20:00",0.1027
"2018-05-31 20:21:00",0.1029
"2018-05-31 20:22:00",0.1029
"2018-05-31 20:23:00",0.103
"2018-05-31 20:24:00",0.1029
"2018-05-31 20:25:00",0.103
"2018-05-31 20:26:00",0.1029
"2018-05-31 20:27:00",0.103
"2018-05-31 20:28:00",0.103
"2018-05-31 20:29:00",0.1031
"2018-05-31 20:30:00",0.103
"2018-05-31 20:31:00",0.1028
"2018-05-31 20:32:00",0.1028
"2018-05-31 20:33:00",0.1029
"2018-05-31 20:34:00",0.1029
"2018-05-31 20:35:00",0.1027
"2018-05-31 20:36:00",0.1027
"2018-05-31 20:37:00",0.1027
"2018-05-31 20:38:00",0.1029
"2018-05-31 20:39:00",0.1029
"2018-05-31 20:40:00",0.103
"2018-05-31 20:41:00",0.103
"2018-05-31 20:42:00",0.1033
"2018-05-31 20:43:00",0.1031
"2018-05-31 20:44:00",0.1031
"2018-05-31 20:45:00",0.1031
"2018-05-31 20:46:00",0.103
"2018-05-31 20:47:00",0.1031
"2018-05-31 20:48:00",0.1031
"2018-05-31 20:49:00",0.1032
"2018-05-31 20:50:00",0.1031
"2018-05-31 20:51:00",0.1029
"2018-05-31 20:52:00",0.1029
"2018-05-31 20:53:00",0.103
"2018-05-31 20:54:00",0.103
"2018-05-31 20:55:00",0.1029
"2018-05-31 20:56:00",0.1029
"2018-05-31 20:57:00",0.1029
"2018-05-31 20:58:00",0.1029
"2018-05-31 20:59:00",0.1027
"2018-05-31 21:00:00",0.1028
"2018-05-31 21:01:00",0.1029
"2018-05-31 21:02:00",0.1028
"2018-05-31 21:03:00",0.1028
"2018-05-31 21:04:00",0.1028
"2018-05-31 21:05:00",0.1028
"2018-05-31 21:06:00",0.1027
"2018-05-31 21:07:00",0.1027
"2018-05-31 21:08:00",0.1027
"2018-05-31 21:09:00",0.1028
"2018-05-31 21:10:00",0.1029
"2018-05-31 21:11:00",0.1028
"2018-05-31 21:12:00",0.103
"2018-05-31 21:13:00",0.1029
"2018-05-31 21:14:00",0.1028
"2018-05-31 21:15:00",0.1029
"2018-05-31 21:16:00",0.1028
"2018-05-31 21:17:00",0.1028
"2018-05-31 21:18:00",0.1028
"2018-05-31 21:19:00",0.1026
"2018-05-31 21:20:00",0.1027
"2018-05-31 21:21:00",0.1028
"2018-05-31 21:22:00",0.1026
"2018-05-31 21:23:00",0.1027
"2018-05-31 21:24:00",0.1026
"2018-05-31 21:25:00",0.1027
"2018-05-31 21:26:00",0.1028
"2018-05-31 21:27:00",0.1028
"2018-05-31 21:28:00",0.1029
"2018-05-31 21:29:00",0.1029
"2018-05-31 21:30:00",0.1028
"2018-05-31 21:31:00",0.1028
"2018-05-31 21:32:00",0.1029
"2018-05-31 21:33:00",0.1028
"2018-05-31 21:34:00",0.1027
"2018-05-31 21:35:00",0.1028
"2018-05-31 21:36:00",0.1026
"2018-05-31 21:37:00",0.1028
"2018-05-31 21:38:00",0.1028
"2018-05-31 21:39:00",0.1026
"2018-05-31 21:40:00",0.1026
"2018-05-31 21:41:00",0.1028
"2018-05-31 21:42:00",0.1026
"2018-05-31 21:43:00",0.1026
"2018-05-31 21:44:00",0.1025
"2018-05-31 21:45:00",0.1026
"2018-05-31 21:46:00",0.1025
"2018-05-31 21:47:00",0.1026
"2018-05-31 21:48:00",0.1026
"2018-05-31 21:49:00",0.1026
"2018-05-31 21:50:00",0.1026
"2018-05-31 21:51:00",0.1028
"2018-05-31 21:52:00",0.1027
"2018-05-31 21:53:00",0.1027
"2018-05-31 21:54:00",0.1026
"2018-05-31 21:55:00",0.1028
"2018-05-31 21:56:00",0.1027
"2018-05-31 21:57:00",0.1027
"2018-05-31 21:58:00",0.1027
"2018-05-31 21:59:00",0.1027
"2018-05-31 22:00:00",0.1029
"2018-05-31 22:01:00",0.1027
"2018-05-31 22:02:00",0.1027
"2018-05-31 22:03:00",0.1028
"2018-05-31 22:04:00",0.1026
"2018-05-31 22:05:00",0.1023
"2018-05-31 22:06:00",0.1019
"2018-05-31 22:07:00",0.1013
"2018-05-31 22:08:00",0.1015
"2018-05-31 22:09:00",0.1012
"2018-05-31 22:10:00",0.1013
"2018-05-31 22:11:00",0.1013
"2018-05-31 22:12:00",0.1011
"2018-05-31 22:13:00",0.1013
"2018-05-31 22:14:00",0.1012
"2018-05-31 22:15:00",0.1011
"2018-05-31 22:16:00",0.1007
"2018-05-31 22:17:00",0.1008
"2018-05-31 22:18:00",0.1006
"2018-05-31 22:19:00",0.1007
"2018-05-31 22:20:00",0.1007
"2018-05-31 22:21:00",0.1005
"2018-05-31 22:22:00",0.1003
"2018-05-31 22:23:00",0.1004
"2018-05-31 22:24:00",0.1003
"2018-05-31 22:25:00",0.1003
"2018-05-31 22:26:00",0.1003
"2018-05-31 22:27:00",0.1003
"2018-05-31 22:28:00",0.1004
"2018-05-31 22:29:00",0.1003
"2018-05-31 22:30:00",0.1002
"2018-05-31 22:31:00",0.1003
"2018-05-31 22:32:00",0.1004
"2018-05-31 22:33:00",0.1004
"2018-05-31 22:34:00",0.1004
"2018-05-31 22:35:00",0.1004
"2018-05-31 22:36:00",0.1002
"2018-05-31 22:37:00",0.1004
"2018-05-31 22:38:00",0.1004
"2018-05-31 22:39:00",0.1004
"2018-05-31 22:40:00",0.1005
"2018-05-31 22:41:00",0.1005
"2018-05-31 22:42:00",0.1005
"2018-05-31 22:43:00",0.1005
"2018-05-31 22:44:00",0.1004
"2018-05-31 22:45:00",0.1003
"2018-05-31 22:46:00",0.1004
"2018-05-31 22:47:00",0.1004
"2018-05-31 22:48:00",0.1003
"2018-05-31 22:49:00",0.1004
"2018-05-31 22:50:00",0.1003
"2018-05-31 22:51:00",0.1003
"2018-05-31 22:52:00",0.1003
"2018-05-31 22:53:00",0.1004
"2018-05-31 22:54:00",0.1005
"2018-05-31 22:55:00",0.1006
"2018-05-31 22:56:00",0.1006
"2018-05-31 22:57:00",0.1005
"2018-05-31 22:58:00",0.1006
"2018-05-31 22:59:00",0.1005
"2018-05-31 23:00:00",0.1005
"2018-05-31 23:01:00",0.1005
"2018-05-31 23:02:00",0.1005
"2018-05-31 23:03:00",0.1004
"2018-05-31 23:04:00",0.1003
"2018-05-31 23:05:00",0.1004
"2018-05-31 23:06:00",0.1005
"2018-05-31 23:07:00",0.1005
"2018-05-31 23:08:00",0.1005
"2018-05-31 23:09:00",0.1006
"2018-05-31 23:10:00",0.1006
"2018-05-31 23:11:00",0.1006
"2018-05-31 23:12:00",0.1007
"2018-05-31 23:13:00",0.1007
"2018-05-31 23:14:00",0.1007
"2018-05-31 23:15:00",0.1007
"2018-05-31 23:16:00",0.1008
"2018-05-31 23:17:00",0.1008
"2018-05-31 23:18:00",0.1008
"2018-05-31 23:19:00",0.1007
"2018-05-31 23:20:00",0.1007
"2018-05-31 23:21:00",0.1008
"2018-05-31 23:22:00",0.1007
"2018-05-31 23:23:00",0.1007
"2018-05-31 23:24:00",0.1007
"2018-05-31 23:25:00",0.1007
"2018-05-31 23:26:00",0.1007
"2018-05-31 23:27:00",0.1007
"2018-05-31 23:28:00",0.1007
"2018-05-31 23:29:00",0.1007
"2018-05-31 23:30:00",0.1006
"2018-05-31 23:31:00",0.1006
"2018-05-31 23:32:00",0.1005
"2018-05-31 23:33:00",0.1004
"2018-05-31 23:34:00",0.1006
"2018-05-31 23:35:00",0.1007
"2018-05-31 23:36:00",0.1007
"2018-05-31 23:37:00",0.1007
"2018-05-31 23:38:00",0.1006
"2018-05-31 23:39:00",0.1007
"2018-05-31 23:40:00",0.1009
"2018-05-31 23:41:00",0.1009
"2018-05-31 23:42:00",0.1008
"2018-05-31 23:43:00",0.1007
"2018-05-31 23:44:00",0.1006
"2018-05-31 23:45:00",0.1006
"2018-05-31 23:46:00",0.1007
"2018-05-31 23:47:00",0.1008
"2018-05-31 23:48:00",0.1009
"2018-05-31 23:49:00",0.101
"2018-05-31 23:50:00",0.1009
"2018-05-31 23:51:00",0.1009
"2018-05-31 23:52:00",0.1009
"2018-05-31 23:53:00",0.101
"2018-05-31 23:54:00",0.101
"2018-05-31 23:55:00",0.1009
"2018-05-31 23:56:00",0.1009
"2018-05-31 23:57:00",0.1011
"2018-05-31 23:58:00",0.101
"2018-05-31 23:59:00",0.101
"2018-06-01 00:00:00",0.1009
"2018-06-01 00:01:00",0.1008
"2018-06-01 00:02:00",0.1011
"2018-06-01 00:03:00",0.1012
"2018-06-01 00:04:00",0.1013
"2018-06-01 00:05:00",0.1014
"2018-06-01 00:06:00",0.1014
"2018-06-01 00:07:00",0.1015
"2018-06-01 00:08:00",0.1016
"2018-06-01 00:09:00",0.1016
"2018-06-01 00:10:00",0.1013
"2018-06-01 00:11:00",0.1013
"2018-06-01 00:12:00",0.1013
"2018-06-01 00:13:00",0.1013
"2018-06-01 00:14:00",0.1013
"2018-06-01 00:15:00",0.1013
"2018-06-01 00:16:00",0.1013
"2018-06-01 00:17:00",0.1012
"2018-06-01 00:18:00",0.1013
"2018-06-01 00:19:00",0.1012
"2018-06-01 00:20:00",0.1013
"2018-06-01 00:21:00",0.1012
"2018-06-01 00:22:00",0.1015
"2018-06-01 00:23:00",0.1014
"2018-06-01 00:24:00",0.1014
"2018-06-01 00:25:00",0.1014
"2018-06-01 00:26:00",0.1013
"2018-06-01 00:27:00",0.1014
"2018-06-01 00:28:00",0.1014
"2018-06-01 00:29:00",0.1014
"2018-06-01 00:30:00",0.1014
"2018-06-01 00:31:00",0.1014
"2018-06-01 00:32:00",0.1013
"2018-06-01 00:33:00",0.1013
"2018-06-01 00:34:00",0.1012
"2018-06-01 00:35:00",0.1013
"2018-06-01 00:36:00",0.1013
"2018-06-01 00:37:00",0.1013
"2018-06-01 00:38:00",0.1014
"2018-06-01 00:39:00",0.1014
"2018-06-01 00:40:00",0.1013
"2018-06-01 00:41:00",0.1012
"2018-06-01 00:42:00",0.1012
"2018-06-01 00:43:00",0.1012
"2018-06-01 00:44:00",0.1013
"2018-06-01 00:45:00",0.1013
"2018-06-01 00:46:00",0.1013
"2018-06-01 00:47:00",0.1012
"2018-06-01 00:48:00",0.1013
"2018-06-01 00:49:00",0.1013
"2018-06-01 00:50:00",0.1013
"2018-06-01 00:51:00",0.1013
"2018-06-01 00:52:00",0.1014
"2018-06-01 00:53:00",0.1013
"2018-06-01 00:54:00",0.1012
"2018-06-01 00:55:00",0.1013
"2018-06-01 00:56:00",0.1013
"2018-06-01 00:57:00",0.1014
"2018-06-01 00:58:00",0.1014
"2018-06-01 00:59:00",0.1014
"2018-06-01 01:00:00",0.1012
"2018-06-01 01:01:00",0.1012
"2018-06-01 01:02:00",0.1012
"2018-06-01 01:03:00",0.1012
"2018-06-01 01:04:00",0.1012
"2018-06-01 01:05:00",0.1011
"2018-06-01 01:06:00",0.1011
"2018-06-01 01:07:00",0.1012
"2018-06-01 01:08:00",0.101
"2018-06-01 01:09:00",0.1011
"2018-06-01 01:10:00",0.1011
"2018-06-01 01:11:00",0.101
"2018-06-01 01:12:00",0.1011
"2018-06-01 01:13:00",0.1011
"2018-06-01 01:14:00",0.1012
"2018-06-01 01:15:00",0.1011
"2018-06-01 01:16:00",0.1011
"2018-06-01 01:17:00",0.1012
"2018-06-01 01:18:00",0.1013
"2018-06-01 01:19:00",0.1012
"2018-06-01 01:20:00",0.1012
"2018-06-01 01:21:00",0.1013
"2018-06-01 01:22:00",0.1012
"2018-06-01 01:23:00",0.1013
"2018-06-01 01:24:00",0.1013
"2018-06-01 01:25:00",0.1012
"2018-06-01 01:26:00",0.1012
"2018-06-01 01:27:00",0.1012
"2018-06-01 01:28:00",0.1012
"2018-06-01 01:29:00",0.1013
"2018-06-01 01:30:00",0.1012
"2018-06-01 01:31:00",0.1012
"2018-06-01 01:32:00",0.1012
"2018-06-01 01:33:00",0.1012
"2018-06-01 01:34:00",0.1012
"2018-06-01 01:35:00",0.1013
"2018-06-01 01:36:00",0.1013
"2018-06-01 01:37:00",0.1013
"2018-06-01 01:38:00",0.1015
"2018-06-01 01:39:00",0.1014
"2018-06-01 01:40:00",0.1015
"2018-06-01 01:41:00",0.1014
"2018-06-01 01:42:00",0.1014
"2018-06-01 01:43:00",0.1013
"2018-06-01 01:44:00",0.1013
"2018-06-01 01:45:00",0.1013
"2018-06-01 01:46:00",0.1014
"2018-06-01 01:47:00",0.1013
"2018-06-01 01:48:00",0.1013
"2018-06-01 01:49:00",0.1014
"2018-06-01 01:50:00",0.1014
"2018-06-01 01:51:00",0.1014
"2018-06-01 01:52:00",0.1013
"2018-06-01 01:53:00",0.1014
"2018-06-01 01:54:00",0.1015
"2018-06-01 01:55:00",0.1016
"2018-06-01 01:56:00",0.1017
"2018-06-01 01:57:00",0.1016
"2018-06-01 01:58:00",0.1014
"2018-06-01 01:59:00",0.1014
"2018-06-01 02:00:00",0.1014
"2018-06-01 02:01:00",0.1014
"2018-06-01 02:02:00",0.1014
"2018-06-01 02:03:00",0.1015
"2018-06-01 02:04:00",0.1016
"2018-06-01 02:05:00",0.1016
"2018-06-01 02:06:00",0.1017
"2018-06-01 02:07:00",0.1015
