"Index","Close.XIN"
"2018-05-28 17:34:00",
"2018-05-28 17:35:00",
"2018-05-28 17:36:00",0.00622
"2018-05-28 17:37:00",0.006221
"2018-05-28 17:38:00",0.006219
"2018-05-28 17:39:00",0.006218
"2018-05-28 17:40:00",0.006217
"2018-05-28 17:41:00",0.006217
"2018-05-28 17:42:00",0.006217
"2018-05-28 17:43:00",0.006216
"2018-05-28 17:44:00",0.006216
"2018-05-28 17:45:00",0.006215
"2018-05-28 17:46:00",0.006219
"2018-05-28 17:47:00",0.00622
"2018-05-28 17:48:00",0.00622
"2018-05-28 17:49:00",0.00622
"2018-05-28 17:50:00",0.006219
"2018-05-28 17:51:00",0.006219
"2018-05-28 17:52:00",0.006222
"2018-05-28 17:53:00",0.006227
"2018-05-28 17:54:00",0.006223
"2018-05-28 17:55:00",0.006222
"2018-05-28 17:56:00",0.006223
"2018-05-28 17:57:00",0.006222
"2018-05-28 17:58:00",0.006223
"2018-05-28 17:59:00",0.006228
"2018-05-28 18:00:00",0.006229
"2018-05-28 18:01:00",0.00623
"2018-05-28 18:02:00",0.006231
"2018-05-28 18:03:00",0.006237
"2018-05-28 18:04:00",0.006236
"2018-05-28 18:05:00",0.006241
"2018-05-28 18:06:00",0.006239
"2018-05-28 18:07:00",0.006239
"2018-05-28 18:08:00",0.006228
"2018-05-28 18:09:00",0.006225
"2018-05-28 18:10:00",0.006227
"2018-05-28 18:11:00",0.00623
"2018-05-28 18:12:00",0.006228
"2018-05-28 18:13:00",0.006227
"2018-05-28 18:14:00",0.006225
"2018-05-28 18:15:00",0.006225
"2018-05-28 18:16:00",0.006225
"2018-05-28 18:17:00",0.006227
"2018-05-28 18:18:00",0.006155
"2018-05-28 18:19:00",0.006154
"2018-05-28 18:20:00",0.006159
"2018-05-28 18:21:00",0.006161
"2018-05-28 18:22:00",0.00616
"2018-05-28 18:23:00",0.006159
"2018-05-28 18:24:00",0.006158
"2018-05-28 18:25:00",0.006157
"2018-05-28 18:26:00",0.006157
"2018-05-28 18:27:00",0.006155
"2018-05-28 18:28:00",0.006155
"2018-05-28 18:29:00",0.006155
"2018-05-28 18:30:00",0.006157
"2018-05-28 18:31:00",0.006157
"2018-05-28 18:32:00",0.006157
"2018-05-28 18:33:00",0.006152
"2018-05-28 18:34:00",0.006152
"2018-05-28 18:35:00",0.006152
"2018-05-28 18:36:00",0.006152
"2018-05-28 18:37:00",0.006157
"2018-05-28 18:38:00",0.006154
"2018-05-28 18:39:00",0.006153
"2018-05-28 18:40:00",0.006154
"2018-05-28 18:41:00",0.006153
"2018-05-28 18:42:00",0.006151
"2018-05-28 18:43:00",0.006144
"2018-05-28 18:44:00",0.006144
"2018-05-28 18:45:00",0.006147
"2018-05-28 18:46:00",0.006148
"2018-05-28 18:47:00",0.006145
"2018-05-28 18:48:00",0.006143
"2018-05-28 18:49:00",0.00614
"2018-05-28 18:50:00",0.006141
"2018-05-28 18:51:00",0.006142
"2018-05-28 18:52:00",0.006144
"2018-05-28 18:53:00",0.006214
"2018-05-28 18:54:00",0.006214
"2018-05-28 18:55:00",0.006218
"2018-05-28 18:56:00",0.006216
"2018-05-28 18:57:00",0.006216
"2018-05-28 18:58:00",0.006216
"2018-05-28 18:59:00",0.006212
"2018-05-28 19:00:00",0.006212
"2018-05-28 19:01:00",0.006212
"2018-05-28 19:02:00",0.006211
"2018-05-28 19:03:00",0.006211
"2018-05-28 19:04:00",0.006213
"2018-05-28 19:05:00",0.006221
"2018-05-28 19:06:00",0.006224
"2018-05-28 19:07:00",0.006225
"2018-05-28 19:08:00",0.006225
"2018-05-28 19:09:00",0.006225
"2018-05-28 19:10:00",0.006221
"2018-05-28 19:11:00",0.006218
"2018-05-28 19:12:00",0.006224
"2018-05-28 19:13:00",0.006222
"2018-05-28 19:14:00",0.006223
"2018-05-28 19:15:00",0.006222
"2018-05-28 19:16:00",0.006224
"2018-05-28 19:17:00",0.006224
"2018-05-28 19:18:00",0.006224
"2018-05-28 19:19:00",0.006223
"2018-05-28 19:20:00",0.006295
"2018-05-28 19:21:00",0.006222
"2018-05-28 19:22:00",0.00622
"2018-05-28 19:23:00",0.006221
"2018-05-28 19:24:00",0.006221
"2018-05-28 19:25:00",0.006221
"2018-05-28 19:26:00",0.006217
"2018-05-28 19:27:00",0.006216
"2018-05-28 19:28:00",0.006214
"2018-05-28 19:29:00",0.006218
"2018-05-28 19:30:00",0.006219
"2018-05-28 19:31:00",0.006218
"2018-05-28 19:32:00",0.006218
"2018-05-28 19:33:00",0.006218
"2018-05-28 19:34:00",0.006217
"2018-05-28 19:35:00",0.00622
"2018-05-28 19:36:00",0.006222
"2018-05-28 19:37:00",0.006081
"2018-05-28 19:38:00",0.006081
"2018-05-28 19:39:00",0.00608
"2018-05-28 19:40:00",0.00608
"2018-05-28 19:41:00",0.00608
"2018-05-28 19:42:00",0.006083
"2018-05-28 19:43:00",0.006084
"2018-05-28 19:44:00",0.006084
"2018-05-28 19:45:00",0.006104
"2018-05-28 19:46:00",0.006099
"2018-05-28 19:47:00",0.006095
"2018-05-28 19:48:00",0.006094
"2018-05-28 19:49:00",0.006093
"2018-05-28 19:50:00",0.006087
"2018-05-28 19:51:00",0.006088
"2018-05-28 19:52:00",0.006085
"2018-05-28 19:53:00",0.006084
"2018-05-28 19:54:00",0.006089
"2018-05-28 19:55:00",0.006091
"2018-05-28 19:56:00",0.006094
"2018-05-28 19:57:00",0.006089
"2018-05-28 19:58:00",0.006081
"2018-05-28 19:59:00",0.006083
"2018-05-28 20:00:00",0.006084
"2018-05-28 20:01:00",0.006082
"2018-05-28 20:02:00",0.006082
"2018-05-28 20:03:00",0.006086
"2018-05-28 20:04:00",0.006087
"2018-05-28 20:05:00",0.006097
"2018-05-28 20:06:00",0.006093
"2018-05-28 20:07:00",0.006094
"2018-05-28 20:08:00",0.006094
"2018-05-28 20:09:00",0.006091
"2018-05-28 20:10:00",0.006091
"2018-05-28 20:11:00",0.006092
"2018-05-28 20:12:00",0.006093
"2018-05-28 20:13:00",0.006093
"2018-05-28 20:14:00",0.006092
"2018-05-28 20:15:00",0.006085
"2018-05-28 20:16:00",0.006084
"2018-05-28 20:17:00",0.006083
"2018-05-28 20:18:00",0.00608
"2018-05-28 20:19:00",0.006077
"2018-05-28 20:20:00",0.006084
"2018-05-28 20:21:00",0.006091
"2018-05-28 20:22:00",0.006089
"2018-05-28 20:23:00",0.006089
"2018-05-28 20:24:00",0.006089
"2018-05-28 20:25:00",0.00609
"2018-05-28 20:26:00",0.006092
"2018-05-28 20:27:00",0.006091
"2018-05-28 20:28:00",0.006092
"2018-05-28 20:29:00",0.006091
"2018-05-28 20:30:00",0.00609
"2018-05-28 20:31:00",0.00609
"2018-05-28 20:32:00",0.00609
"2018-05-28 20:33:00",0.006089
"2018-05-28 20:34:00",0.00609
"2018-05-28 20:35:00",0.006088
"2018-05-28 20:36:00",0.006087
"2018-05-28 20:37:00",0.00609
"2018-05-28 20:38:00",0.006091
"2018-05-28 20:39:00",0.006093
"2018-05-28 20:40:00",0.006091
"2018-05-28 20:41:00",0.006091
"2018-05-28 20:42:00",0.00609
"2018-05-28 20:43:00",0.006091
"2018-05-28 20:44:00",0.00609
"2018-05-28 20:45:00",0.006089
"2018-05-28 20:46:00",0.006087
"2018-05-28 20:47:00",0.006081
"2018-05-28 20:48:00",0.006075
"2018-05-28 20:49:00",0.006078
"2018-05-28 20:50:00",0.006074
"2018-05-28 20:51:00",0.006067
"2018-05-28 20:52:00",0.006062
"2018-05-28 20:53:00",0.00607
"2018-05-28 20:54:00",0.00607
"2018-05-28 20:55:00",0.006075
"2018-05-28 20:56:00",0.006076
"2018-05-28 20:57:00",0.006078
"2018-05-28 20:58:00",0.006077
"2018-05-28 20:59:00",0.006075
"2018-05-28 21:00:00",0.006072
"2018-05-28 21:01:00",0.006067
"2018-05-28 21:02:00",0.006067
"2018-05-28 21:03:00",0.006282
"2018-05-28 21:04:00",0.006278
"2018-05-28 21:05:00",0.006259
"2018-05-28 21:06:00",0.006234
"2018-05-28 21:07:00",0.006244
"2018-05-28 21:08:00",0.006254
"2018-05-28 21:09:00",0.006246
"2018-05-28 21:10:00",0.006233
"2018-05-28 21:11:00",0.006231
"2018-05-28 21:12:00",0.006239
"2018-05-28 21:13:00",0.006232
"2018-05-28 21:14:00",0.006239
"2018-05-28 21:15:00",0.006248
"2018-05-28 21:16:00",0.006246
"2018-05-28 21:17:00",0.00625
"2018-05-28 21:18:00",0.006251
"2018-05-28 21:19:00",0.006251
"2018-05-28 21:20:00",0.006251
"2018-05-28 21:21:00",0.00625
"2018-05-28 21:22:00",0.006247
"2018-05-28 21:23:00",0.006244
"2018-05-28 21:24:00",0.006243
"2018-05-28 21:25:00",0.006241
"2018-05-28 21:26:00",0.006242
"2018-05-28 21:27:00",0.006239
"2018-05-28 21:28:00",0.006241
"2018-05-28 21:29:00",0.006248
"2018-05-28 21:30:00",0.00625
"2018-05-28 21:31:00",0.006252
"2018-05-28 21:32:00",0.006252
"2018-05-28 21:33:00",0.006253
"2018-05-28 21:34:00",0.006247
"2018-05-28 21:35:00",0.00625
"2018-05-28 21:36:00",0.006246
"2018-05-28 21:37:00",0.006247
"2018-05-28 21:38:00",0.006249
"2018-05-28 21:39:00",0.006248
"2018-05-28 21:40:00",0.006251
"2018-05-28 21:41:00",0.00625
"2018-05-28 21:42:00",0.00625
"2018-05-28 21:43:00",0.00625
"2018-05-28 21:44:00",0.006248
"2018-05-28 21:45:00",0.006247
"2018-05-28 21:46:00",0.00625
"2018-05-28 21:47:00",0.006249
"2018-05-28 21:48:00",0.006249
"2018-05-28 21:49:00",0.006246
"2018-05-28 21:50:00",0.006245
"2018-05-28 21:51:00",0.006243
"2018-05-28 21:52:00",0.006244
"2018-05-28 21:53:00",0.006245
"2018-05-28 21:54:00",0.006243
"2018-05-28 21:55:00",0.006242
"2018-05-28 21:56:00",0.00624
"2018-05-28 21:57:00",0.006239
"2018-05-28 21:58:00",0.00624
"2018-05-28 21:59:00",0.006239
"2018-05-28 22:00:00",0.006239
"2018-05-28 22:01:00",0.006236
"2018-05-28 22:02:00",0.006236
"2018-05-28 22:03:00",0.006239
"2018-05-28 22:04:00",0.006238
"2018-05-28 22:05:00",0.006238
"2018-05-28 22:06:00",0.006236
"2018-05-28 22:07:00",0.006234
"2018-05-28 22:08:00",0.006233
"2018-05-28 22:09:00",0.006232
"2018-05-28 22:10:00",0.006233
"2018-05-28 22:11:00",0.00623
"2018-05-28 22:12:00",0.006227
"2018-05-28 22:13:00",0.006223
"2018-05-28 22:14:00",0.006217
"2018-05-28 22:15:00",0.006198
"2018-05-28 22:16:00",0.006199
"2018-05-28 22:17:00",0.006202
"2018-05-28 22:18:00",0.006203
"2018-05-28 22:19:00",0.0062
"2018-05-28 22:20:00",0.006203
"2018-05-28 22:21:00",0.006196
"2018-05-28 22:22:00",0.006188
"2018-05-28 22:23:00",0.006192
"2018-05-28 22:24:00",0.006195
"2018-05-28 22:25:00",0.006196
"2018-05-28 22:26:00",0.006195
"2018-05-28 22:27:00",0.006191
"2018-05-28 22:28:00",0.006185
"2018-05-28 22:29:00",0.006172
"2018-05-28 22:30:00",0.006184
"2018-05-28 22:31:00",0.006183
"2018-05-28 22:32:00",0.00618
"2018-05-28 22:33:00",0.006192
"2018-05-28 22:34:00",0.006197
"2018-05-28 22:35:00",0.006199
"2018-05-28 22:36:00",0.006203
"2018-05-28 22:37:00",0.006198
"2018-05-28 22:38:00",0.006193
"2018-05-28 22:39:00",0.006191
"2018-05-28 22:40:00",0.006191
"2018-05-28 22:41:00",0.006191
"2018-05-28 22:42:00",0.006189
"2018-05-28 22:43:00",0.006191
"2018-05-28 22:44:00",0.006193
"2018-05-28 22:45:00",0.006192
"2018-05-28 22:46:00",0.006188
"2018-05-28 22:47:00",0.006185
"2018-05-28 22:48:00",0.006185
"2018-05-28 22:49:00",0.006186
"2018-05-28 22:50:00",0.006188
"2018-05-28 22:51:00",0.006189
"2018-05-28 22:52:00",0.006187
"2018-05-28 22:53:00",0.006187
"2018-05-28 22:54:00",0.006188
"2018-05-28 22:55:00",0.006192
"2018-05-28 22:56:00",0.006192
"2018-05-28 22:57:00",0.006055
"2018-05-28 22:58:00",0.006058
"2018-05-28 22:59:00",0.006079
"2018-05-28 23:00:00",0.006067
"2018-05-28 23:01:00",0.006064
"2018-05-28 23:02:00",0.006063
"2018-05-28 23:03:00",0.006061
"2018-05-28 23:04:00",0.006063
"2018-05-28 23:05:00",0.006065
"2018-05-28 23:06:00",0.006065
"2018-05-28 23:07:00",0.006063
"2018-05-28 23:08:00",0.006073
"2018-05-28 23:09:00",0.006072
"2018-05-28 23:10:00",0.006062
"2018-05-28 23:11:00",0.006064
"2018-05-28 23:12:00",0.00607
"2018-05-28 23:13:00",0.006068
"2018-05-28 23:14:00",0.006068
"2018-05-28 23:15:00",0.006069
"2018-05-28 23:16:00",0.006068
"2018-05-28 23:17:00",0.006069
"2018-05-28 23:18:00",0.006068
"2018-05-28 23:19:00",0.006058
"2018-05-28 23:20:00",0.006058
"2018-05-28 23:21:00",0.006057
"2018-05-28 23:22:00",0.00606
"2018-05-28 23:23:00",0.00606
"2018-05-28 23:24:00",0.006061
"2018-05-28 23:25:00",0.006062
"2018-05-28 23:26:00",0.006053
"2018-05-28 23:27:00",0.006051
"2018-05-28 23:28:00",0.006051
"2018-05-28 23:29:00",0.006052
"2018-05-28 23:30:00",0.006054
"2018-05-28 23:31:00",0.006056
"2018-05-28 23:32:00",0.006056
"2018-05-28 23:33:00",0.006056
"2018-05-28 23:34:00",0.006055
"2018-05-28 23:35:00",0.006053
"2018-05-28 23:36:00",0.006049
"2018-05-28 23:37:00",0.006053
"2018-05-28 23:38:00",0.00605
"2018-05-28 23:39:00",0.00605
"2018-05-28 23:40:00",0.006041
"2018-05-28 23:41:00",0.006044
"2018-05-28 23:42:00",0.006046
"2018-05-28 23:43:00",0.006048
"2018-05-28 23:44:00",0.006053
"2018-05-28 23:45:00",0.006053
"2018-05-28 23:46:00",0.006057
"2018-05-28 23:47:00",0.006062
"2018-05-28 23:48:00",0.006061
"2018-05-28 23:49:00",0.006062
"2018-05-28 23:50:00",0.006061
"2018-05-28 23:51:00",0.006058
"2018-05-28 23:52:00",0.006058
"2018-05-28 23:53:00",0.006057
"2018-05-28 23:54:00",0.006057
"2018-05-28 23:55:00",0.006055
"2018-05-28 23:56:00",0.006054
"2018-05-28 23:57:00",0.006054
"2018-05-28 23:58:00",0.006051
"2018-05-28 23:59:00",0.006051
"2018-05-29 00:00:00",0.006056
"2018-05-29 00:01:00",0.006058
"2018-05-29 00:02:00",0.006065
"2018-05-29 00:03:00",0.006067
"2018-05-29 00:04:00",0.006066
"2018-05-29 00:05:00",0.006065
"2018-05-29 00:06:00",0.006065
"2018-05-29 00:07:00",0.006064
"2018-05-29 00:08:00",0.006061
"2018-05-29 00:09:00",0.006058
"2018-05-29 00:10:00",0.006056
"2018-05-29 00:11:00",0.00606
"2018-05-29 00:12:00",0.006062
"2018-05-29 00:13:00",0.006061
"2018-05-29 00:14:00",0.006061
"2018-05-29 00:15:00",0.006064
"2018-05-29 00:16:00",0.006065
"2018-05-29 00:17:00",0.006065
"2018-05-29 00:18:00",0.006067
"2018-05-29 00:19:00",0.00607
"2018-05-29 00:20:00",0.006074
"2018-05-29 00:21:00",0.006073
"2018-05-29 00:22:00",0.006073
"2018-05-29 00:23:00",0.006072
"2018-05-29 00:24:00",0.006071
"2018-05-29 00:25:00",0.006213
"2018-05-29 00:26:00",0.006213
"2018-05-29 00:27:00",0.00621
"2018-05-29 00:28:00",0.00621
"2018-05-29 00:29:00",0.006204
"2018-05-29 00:30:00",0.0062
"2018-05-29 00:31:00",0.006201
"2018-05-29 00:32:00",0.006201
"2018-05-29 00:33:00",0.006203
"2018-05-29 00:34:00",0.006203
"2018-05-29 00:35:00",0.006209
"2018-05-29 00:36:00",0.006205
"2018-05-29 00:37:00",0.006205
"2018-05-29 00:38:00",0.006203
"2018-05-29 00:39:00",0.006204
"2018-05-29 00:40:00",0.006204
"2018-05-29 00:41:00",0.006204
"2018-05-29 00:42:00",0.006205
"2018-05-29 00:43:00",0.006206
"2018-05-29 00:44:00",0.00621
"2018-05-29 00:45:00",0.006211
"2018-05-29 00:46:00",0.006209
"2018-05-29 00:47:00",0.006206
"2018-05-29 00:48:00",0.006203
"2018-05-29 00:49:00",0.006204
"2018-05-29 00:50:00",0.006204
"2018-05-29 00:51:00",0.00621
"2018-05-29 00:52:00",0.006211
"2018-05-29 00:53:00",0.006207
"2018-05-29 00:54:00",0.006207
"2018-05-29 00:55:00",0.00621
"2018-05-29 00:56:00",0.006213
"2018-05-29 00:57:00",0.006211
"2018-05-29 00:58:00",0.00621
"2018-05-29 00:59:00",0.006208
"2018-05-29 01:00:00",0.006208
"2018-05-29 01:01:00",0.006206
"2018-05-29 01:02:00",0.006207
"2018-05-29 01:03:00",0.006209
"2018-05-29 01:04:00",0.006211
"2018-05-29 01:05:00",0.006209
"2018-05-29 01:06:00",0.006211
"2018-05-29 01:07:00",0.006209
"2018-05-29 01:08:00",0.006202
"2018-05-29 01:09:00",0.006201
"2018-05-29 01:10:00",0.0062
"2018-05-29 01:11:00",0.006192
"2018-05-29 01:12:00",0.006195
"2018-05-29 01:13:00",0.006195
"2018-05-29 01:14:00",0.006198
"2018-05-29 01:15:00",0.006198
"2018-05-29 01:16:00",0.006199
"2018-05-29 01:17:00",0.006199
"2018-05-29 01:18:00",0.006198
"2018-05-29 01:19:00",0.006197
"2018-05-29 01:20:00",0.006195
"2018-05-29 01:21:00",0.006192
"2018-05-29 01:22:00",0.006191
"2018-05-29 01:23:00",0.006189
"2018-05-29 01:24:00",0.006182
"2018-05-29 01:25:00",0.006185
"2018-05-29 01:26:00",0.006187
"2018-05-29 01:27:00",0.006184
"2018-05-29 01:28:00",0.006185
"2018-05-29 01:29:00",0.006186
"2018-05-29 01:30:00",0.006186
"2018-05-29 01:31:00",0.006185
"2018-05-29 01:32:00",0.006185
"2018-05-29 01:33:00",0.006179
"2018-05-29 01:34:00",0.006178
"2018-05-29 01:35:00",0.006177
"2018-05-29 01:36:00",0.006178
"2018-05-29 01:37:00",0.006177
"2018-05-29 01:38:00",0.006175
"2018-05-29 01:39:00",0.00617
"2018-05-29 01:40:00",0.00615
"2018-05-29 01:41:00",0.006156
"2018-05-29 01:42:00",0.006159
"2018-05-29 01:43:00",0.006174
"2018-05-29 01:44:00",0.006178
"2018-05-29 01:45:00",0.006184
"2018-05-29 01:46:00",0.006191
"2018-05-29 01:47:00",0.006193
"2018-05-29 01:48:00",0.006188
"2018-05-29 01:49:00",0.006189
"2018-05-29 01:50:00",0.006187
"2018-05-29 01:51:00",0.006185
"2018-05-29 01:52:00",0.006183
"2018-05-29 01:53:00",0.006187
"2018-05-29 01:54:00",0.006187
"2018-05-29 01:55:00",0.006186
"2018-05-29 01:56:00",0.006187
"2018-05-29 01:57:00",0.006189
"2018-05-29 01:58:00",0.0062
"2018-05-29 01:59:00",0.006202
"2018-05-29 02:00:00",0.006197
"2018-05-29 02:01:00",0.006194
"2018-05-29 02:02:00",0.006191
"2018-05-29 02:03:00",0.006193
"2018-05-29 02:04:00",0.006193
"2018-05-29 02:05:00",0.006191
"2018-05-29 02:06:00",0.006191
"2018-05-29 02:07:00",0.006192
"2018-05-29 02:08:00",0.006193
"2018-05-29 02:09:00",0.006192
"2018-05-29 02:10:00",0.00619
"2018-05-29 02:11:00",0.006187
"2018-05-29 02:12:00",0.006192
"2018-05-29 02:13:00",0.006191
"2018-05-29 02:14:00",0.006193
"2018-05-29 02:15:00",0.006196
"2018-05-29 02:16:00",0.006196
"2018-05-29 02:17:00",0.006195
"2018-05-29 02:18:00",0.006197
"2018-05-29 02:19:00",0.006193
"2018-05-29 02:20:00",0.006193
"2018-05-29 02:21:00",0.006184
"2018-05-29 02:22:00",0.006178
"2018-05-29 02:23:00",0.006177
"2018-05-29 02:24:00",0.006177
"2018-05-29 02:25:00",0.00617
"2018-05-29 02:26:00",0.006172
"2018-05-29 02:27:00",0.006173
"2018-05-29 02:28:00",0.006172
"2018-05-29 02:29:00",0.006174
"2018-05-29 02:30:00",0.006173
"2018-05-29 02:31:00",0.006174
"2018-05-29 02:32:00",0.006174
"2018-05-29 02:33:00",0.006174
"2018-05-29 02:34:00",0.006173
"2018-05-29 02:35:00",0.006173
"2018-05-29 02:36:00",0.006173
"2018-05-29 02:37:00",0.006173
"2018-05-29 02:38:00",0.006177
"2018-05-29 02:39:00",0.006179
"2018-05-29 02:40:00",0.006182
"2018-05-29 02:41:00",0.006182
"2018-05-29 02:42:00",0.006182
"2018-05-29 02:43:00",0.006181
"2018-05-29 02:44:00",0.006181
"2018-05-29 02:45:00",0.006181
"2018-05-29 02:46:00",0.006181
"2018-05-29 02:47:00",0.00618
"2018-05-29 02:48:00",0.006182
"2018-05-29 02:49:00",0.006184
"2018-05-29 02:50:00",0.006181
"2018-05-29 02:51:00",0.006179
"2018-05-29 02:52:00",0.006178
"2018-05-29 02:53:00",0.006177
"2018-05-29 02:54:00",0.006175
"2018-05-29 02:55:00",0.006176
"2018-05-29 02:56:00",0.006175
"2018-05-29 02:57:00",0.006176
"2018-05-29 02:58:00",0.006183
"2018-05-29 02:59:00",0.006192
"2018-05-29 03:00:00",0.00619
"2018-05-29 03:01:00",0.006191
"2018-05-29 03:02:00",0.006193
"2018-05-29 03:03:00",0.006193
"2018-05-29 03:04:00",0.006192
"2018-05-29 03:05:00",0.006191
"2018-05-29 03:06:00",0.00619
"2018-05-29 03:07:00",0.00619
"2018-05-29 03:08:00",0.00619
"2018-05-29 03:09:00",0.006191
"2018-05-29 03:10:00",0.006193
"2018-05-29 03:11:00",0.006196
"2018-05-29 03:12:00",0.006205
"2018-05-29 03:13:00",0.006214
"2018-05-29 03:14:00",0.00621
"2018-05-29 03:15:00",0.006208
"2018-05-29 03:16:00",0.006207
"2018-05-29 03:17:00",0.006209
"2018-05-29 03:18:00",0.006209
"2018-05-29 03:19:00",0.006209
"2018-05-29 03:20:00",0.006209
"2018-05-29 03:21:00",0.006206
"2018-05-29 03:22:00",0.006199
"2018-05-29 03:23:00",0.0062
"2018-05-29 03:24:00",0.006199
"2018-05-29 03:25:00",0.006199
"2018-05-29 03:26:00",0.006199
"2018-05-29 03:27:00",0.006199
"2018-05-29 03:28:00",0.006199
"2018-05-29 03:29:00",0.006201
"2018-05-29 03:30:00",0.006201
"2018-05-29 03:31:00",0.006203
"2018-05-29 03:32:00",0.006202
"2018-05-29 03:33:00",0.006203
"2018-05-29 03:34:00",0.006202
"2018-05-29 03:35:00",0.006205
"2018-05-29 03:36:00",0.006206
"2018-05-29 03:37:00",0.006204
"2018-05-29 03:38:00",0.006204
"2018-05-29 03:39:00",0.006205
"2018-05-29 03:40:00",0.006204
"2018-05-29 03:41:00",0.006205
"2018-05-29 03:42:00",0.006204
"2018-05-29 03:43:00",0.006204
"2018-05-29 03:44:00",0.006204
"2018-05-29 03:45:00",0.006204
"2018-05-29 03:46:00",0.006207
"2018-05-29 03:47:00",0.006208
"2018-05-29 03:48:00",0.006207
"2018-05-29 03:49:00",0.006208
"2018-05-29 03:50:00",0.006207
"2018-05-29 03:51:00",0.006208
"2018-05-29 03:52:00",0.006208
"2018-05-29 03:53:00",0.006208
"2018-05-29 03:54:00",0.006206
"2018-05-29 03:55:00",0.006204
"2018-05-29 03:56:00",0.006204
"2018-05-29 03:57:00",0.006204
"2018-05-29 03:58:00",0.006204
"2018-05-29 03:59:00",0.006204
"2018-05-29 04:00:00",0.006204
"2018-05-29 04:01:00",0.006203
"2018-05-29 04:02:00",0.006196
"2018-05-29 04:03:00",0.006198
"2018-05-29 04:04:00",0.0062
"2018-05-29 04:05:00",0.006201
"2018-05-29 04:06:00",0.0062
"2018-05-29 04:07:00",0.006201
"2018-05-29 04:08:00",0.006198
"2018-05-29 04:09:00",0.006203
"2018-05-29 04:10:00",0.006203
"2018-05-29 04:11:00",0.006204
"2018-05-29 04:12:00",0.006205
"2018-05-29 04:13:00",0.006203
"2018-05-29 04:14:00",0.006208
"2018-05-29 04:15:00",0.006208
"2018-05-29 04:16:00",0.006213
"2018-05-29 04:17:00",0.006211
"2018-05-29 04:18:00",0.006207
"2018-05-29 04:19:00",0.006208
"2018-05-29 04:20:00",0.006211
"2018-05-29 04:21:00",0.006214
"2018-05-29 04:22:00",0.006214
"2018-05-29 04:23:00",0.006214
"2018-05-29 04:24:00",0.006216
"2018-05-29 04:25:00",0.006215
"2018-05-29 04:26:00",0.006214
"2018-05-29 04:27:00",0.006214
"2018-05-29 04:28:00",0.006214
"2018-05-29 04:29:00",0.006214
"2018-05-29 04:30:00",0.006213
"2018-05-29 04:31:00",0.006211
"2018-05-29 04:32:00",0.006212
"2018-05-29 04:33:00",0.006212
"2018-05-29 04:34:00",0.006212
"2018-05-29 04:35:00",0.006209
"2018-05-29 04:36:00",0.006208
"2018-05-29 04:37:00",0.006209
"2018-05-29 04:38:00",0.00621
"2018-05-29 04:39:00",0.006211
"2018-05-29 04:40:00",0.006211
"2018-05-29 04:41:00",0.006211
"2018-05-29 04:42:00",0.006209
"2018-05-29 04:43:00",0.006208
"2018-05-29 04:44:00",0.006209
"2018-05-29 04:45:00",0.006208
"2018-05-29 04:46:00",0.006207
"2018-05-29 04:47:00",0.006207
"2018-05-29 04:48:00",0.006208
"2018-05-29 04:49:00",0.006208
"2018-05-29 04:50:00",0.006207
"2018-05-29 04:51:00",0.006207
"2018-05-29 04:52:00",0.006208
"2018-05-29 04:53:00",0.006208
"2018-05-29 04:54:00",0.006209
"2018-05-29 04:55:00",0.006211
"2018-05-29 04:56:00",0.006211
"2018-05-29 04:57:00",0.006212
"2018-05-29 04:58:00",0.006211
"2018-05-29 04:59:00",0.006212
"2018-05-29 05:00:00",0.006213
"2018-05-29 05:01:00",0.006212
"2018-05-29 05:02:00",0.006212
"2018-05-29 05:03:00",0.006212
"2018-05-29 05:04:00",0.006211
"2018-05-29 05:05:00",0.00621
"2018-05-29 05:06:00",0.00621
"2018-05-29 05:07:00",0.006207
"2018-05-29 05:08:00",0.006198
"2018-05-29 05:09:00",0.006193
"2018-05-29 05:10:00",0.006191
"2018-05-29 05:11:00",0.006191
"2018-05-29 05:12:00",0.006195
"2018-05-29 05:13:00",0.006192
"2018-05-29 05:14:00",0.006193
"2018-05-29 05:15:00",0.006193
"2018-05-29 05:16:00",0.006195
"2018-05-29 05:17:00",0.006193
"2018-05-29 05:18:00",0.006194
"2018-05-29 05:19:00",0.006188
"2018-05-29 05:20:00",0.006182
"2018-05-29 05:21:00",0.006186
"2018-05-29 05:22:00",0.006183
"2018-05-29 05:23:00",0.006192
"2018-05-29 05:24:00",0.006189
"2018-05-29 05:25:00",0.006191
"2018-05-29 05:26:00",0.006194
"2018-05-29 05:27:00",0.006196
"2018-05-29 05:28:00",0.006197
"2018-05-29 05:29:00",0.006195
"2018-05-29 05:30:00",0.00619
"2018-05-29 05:31:00",0.006195
"2018-05-29 05:32:00",0.00619
"2018-05-29 05:33:00",0.006191
"2018-05-29 05:34:00",0.006189
"2018-05-29 05:35:00",0.006186
"2018-05-29 05:36:00",0.006174
"2018-05-29 05:37:00",0.006175
"2018-05-29 05:38:00",0.006183
"2018-05-29 05:39:00",0.006184
"2018-05-29 05:40:00",0.006186
"2018-05-29 05:41:00",0.006176
"2018-05-29 05:42:00",0.006173
"2018-05-29 05:43:00",0.006176
"2018-05-29 05:44:00",0.006179
"2018-05-29 05:45:00",0.006182
"2018-05-29 05:46:00",0.006188
"2018-05-29 05:47:00",0.006199
"2018-05-29 05:48:00",0.006199
"2018-05-29 05:49:00",0.0062
"2018-05-29 05:50:00",0.0062
"2018-05-29 05:51:00",0.006201
"2018-05-29 05:52:00",0.0062
"2018-05-29 05:53:00",0.006201
"2018-05-29 05:54:00",0.006201
"2018-05-29 05:55:00",0.0062
"2018-05-29 05:56:00",0.006196
"2018-05-29 05:57:00",0.006198
"2018-05-29 05:58:00",0.0062
"2018-05-29 05:59:00",0.006198
"2018-05-29 06:00:00",0.006202
"2018-05-29 06:01:00",0.006058
"2018-05-29 06:02:00",0.006058
"2018-05-29 06:03:00",0.00606
"2018-05-29 06:04:00",0.006061
"2018-05-29 06:05:00",0.006061
"2018-05-29 06:06:00",0.006061
"2018-05-29 06:07:00",0.006061
"2018-05-29 06:08:00",0.006062
"2018-05-29 06:09:00",0.006057
"2018-05-29 06:10:00",0.006057
"2018-05-29 06:11:00",0.006055
"2018-05-29 06:12:00",0.006048
"2018-05-29 06:13:00",0.006047
"2018-05-29 06:14:00",0.006047
"2018-05-29 06:15:00",0.006045
"2018-05-29 06:16:00",0.006048
"2018-05-29 06:17:00",0.006053
"2018-05-29 06:18:00",0.006056
"2018-05-29 06:19:00",0.006128
"2018-05-29 06:20:00",0.006132
"2018-05-29 06:21:00",0.006132
"2018-05-29 06:22:00",0.00613
"2018-05-29 06:23:00",0.006126
"2018-05-29 06:24:00",0.006126
"2018-05-29 06:25:00",0.00613
"2018-05-29 06:26:00",0.006129
"2018-05-29 06:27:00",0.006129
"2018-05-29 06:28:00",0.006128
"2018-05-29 06:29:00",0.006129
"2018-05-29 06:30:00",0.006129
"2018-05-29 06:31:00",0.00613
"2018-05-29 06:32:00",0.006129
"2018-05-29 06:33:00",0.006128
"2018-05-29 06:34:00",0.006133
"2018-05-29 06:35:00",0.006132
"2018-05-29 06:36:00",0.006133
"2018-05-29 06:37:00",0.006133
"2018-05-29 06:38:00",0.006135
"2018-05-29 06:39:00",0.006134
"2018-05-29 06:40:00",0.006129
"2018-05-29 06:41:00",0.006126
"2018-05-29 06:42:00",0.006124
"2018-05-29 06:43:00",0.006124
"2018-05-29 06:44:00",0.006125
"2018-05-29 06:45:00",0.006125
"2018-05-29 06:46:00",0.006124
"2018-05-29 06:47:00",0.006123
"2018-05-29 06:48:00",0.006123
"2018-05-29 06:49:00",0.006122
"2018-05-29 06:50:00",0.006122
"2018-05-29 06:51:00",0.00612
"2018-05-29 06:52:00",0.006117
"2018-05-29 06:53:00",0.006114
"2018-05-29 06:54:00",0.006115
"2018-05-29 06:55:00",0.006119
"2018-05-29 06:56:00",0.006121
"2018-05-29 06:57:00",0.006122
"2018-05-29 06:58:00",0.00612
"2018-05-29 06:59:00",0.006121
"2018-05-29 07:00:00",0.006121
"2018-05-29 07:01:00",0.006122
"2018-05-29 07:02:00",0.006123
"2018-05-29 07:03:00",0.006124
"2018-05-29 07:04:00",0.006126
"2018-05-29 07:05:00",0.006127
"2018-05-29 07:06:00",0.006125
"2018-05-29 07:07:00",0.006123
"2018-05-29 07:08:00",0.006121
"2018-05-29 07:09:00",0.006122
"2018-05-29 07:10:00",0.006123
"2018-05-29 07:11:00",0.006121
"2018-05-29 07:12:00",0.006124
"2018-05-29 07:13:00",0.006124
"2018-05-29 07:14:00",0.006123
"2018-05-29 07:15:00",0.006124
"2018-05-29 07:16:00",0.006125
"2018-05-29 07:17:00",0.006053
"2018-05-29 07:18:00",0.006054
"2018-05-29 07:19:00",0.006055
"2018-05-29 07:20:00",0.006055
"2018-05-29 07:21:00",0.006058
"2018-05-29 07:22:00",0.006064
"2018-05-29 07:23:00",0.006074
"2018-05-29 07:24:00",0.006082
"2018-05-29 07:25:00",0.006091
"2018-05-29 07:26:00",0.006089
"2018-05-29 07:27:00",0.006082
"2018-05-29 07:28:00",0.006084
"2018-05-29 07:29:00",0.006083
"2018-05-29 07:30:00",0.006081
"2018-05-29 07:31:00",0.006081
"2018-05-29 07:32:00",0.006081
"2018-05-29 07:33:00",0.00608
"2018-05-29 07:34:00",0.00608
"2018-05-29 07:35:00",0.006081
"2018-05-29 07:36:00",0.006081
"2018-05-29 07:37:00",0.006086
"2018-05-29 07:38:00",0.006087
"2018-05-29 07:39:00",0.006079
"2018-05-29 07:40:00",0.006081
"2018-05-29 07:41:00",0.006079
"2018-05-29 07:42:00",0.006079
"2018-05-29 07:43:00",0.006079
"2018-05-29 07:44:00",0.00608
"2018-05-29 07:45:00",0.006079
"2018-05-29 07:46:00",0.006082
"2018-05-29 07:47:00",0.006082
"2018-05-29 07:48:00",0.006153
"2018-05-29 07:49:00",0.006153
"2018-05-29 07:50:00",0.006158
"2018-05-29 07:51:00",0.006159
"2018-05-29 07:52:00",0.006159
"2018-05-29 07:53:00",0.006155
"2018-05-29 07:54:00",0.006156
"2018-05-29 07:55:00",0.006155
"2018-05-29 07:56:00",0.006156
"2018-05-29 07:57:00",0.006157
"2018-05-29 07:58:00",0.006159
"2018-05-29 07:59:00",0.00616
"2018-05-29 08:00:00",0.006088
"2018-05-29 08:01:00",0.006084
"2018-05-29 08:02:00",0.006082
"2018-05-29 08:03:00",0.006085
"2018-05-29 08:04:00",0.006085
"2018-05-29 08:05:00",0.006084
"2018-05-29 08:06:00",0.00608
"2018-05-29 08:07:00",0.006076
"2018-05-29 08:08:00",0.006076
"2018-05-29 08:09:00",0.006075
"2018-05-29 08:10:00",0.006076
"2018-05-29 08:11:00",0.006147
"2018-05-29 08:12:00",0.006148
"2018-05-29 08:13:00",0.006146
"2018-05-29 08:14:00",0.006146
"2018-05-29 08:15:00",0.006145
"2018-05-29 08:16:00",0.006145
"2018-05-29 08:17:00",0.006142
"2018-05-29 08:18:00",0.006143
"2018-05-29 08:19:00",0.006142
"2018-05-29 08:20:00",0.006144
"2018-05-29 08:21:00",0.006144
"2018-05-29 08:22:00",0.006145
"2018-05-29 08:23:00",0.006144
"2018-05-29 08:24:00",0.006144
"2018-05-29 08:25:00",0.006143
"2018-05-29 08:26:00",0.006142
"2018-05-29 08:27:00",0.006134
"2018-05-29 08:28:00",0.006136
"2018-05-29 08:29:00",0.006134
"2018-05-29 08:30:00",0.006132
"2018-05-29 08:31:00",0.006133
"2018-05-29 08:32:00",0.006134
"2018-05-29 08:33:00",0.006136
"2018-05-29 08:34:00",0.006135
"2018-05-29 08:35:00",0.006136
"2018-05-29 08:36:00",0.006137
"2018-05-29 08:37:00",0.006137
"2018-05-29 08:38:00",0.006144
"2018-05-29 08:39:00",0.006143
"2018-05-29 08:40:00",0.00614
"2018-05-29 08:41:00",0.006139
"2018-05-29 08:42:00",0.006139
"2018-05-29 08:43:00",0.006139
"2018-05-29 08:44:00",0.006139
"2018-05-29 08:45:00",0.00614
"2018-05-29 08:46:00",0.006139
"2018-05-29 08:47:00",0.006138
"2018-05-29 08:48:00",0.006139
"2018-05-29 08:49:00",0.006142
"2018-05-29 08:50:00",0.006143
"2018-05-29 08:51:00",0.006145
"2018-05-29 08:52:00",0.006145
"2018-05-29 08:53:00",0.006145
"2018-05-29 08:54:00",0.006141
"2018-05-29 08:55:00",0.006143
"2018-05-29 08:56:00",0.006144
"2018-05-29 08:57:00",0.006143
"2018-05-29 08:58:00",0.006142
"2018-05-29 08:59:00",0.00607
"2018-05-29 09:00:00",0.006071
"2018-05-29 09:01:00",0.006071
"2018-05-29 09:02:00",0.006072
"2018-05-29 09:03:00",0.006073
"2018-05-29 09:04:00",0.006072
"2018-05-29 09:05:00",0.00607
"2018-05-29 09:06:00",0.006071
"2018-05-29 09:07:00",0.006145
"2018-05-29 09:08:00",0.006144
"2018-05-29 09:09:00",0.00614
"2018-05-29 09:10:00",0.00614
"2018-05-29 09:11:00",0.006137
"2018-05-29 09:12:00",0.006139
"2018-05-29 09:13:00",0.006138
"2018-05-29 09:14:00",0.006139
"2018-05-29 09:15:00",0.006139
"2018-05-29 09:16:00",0.006141
"2018-05-29 09:17:00",0.006141
"2018-05-29 09:18:00",0.00614
"2018-05-29 09:19:00",0.00614
"2018-05-29 09:20:00",0.006139
"2018-05-29 09:21:00",0.00614
"2018-05-29 09:22:00",0.006139
"2018-05-29 09:23:00",0.006205
"2018-05-29 09:24:00",0.006134
"2018-05-29 09:25:00",0.006133
"2018-05-29 09:26:00",0.006134
"2018-05-29 09:27:00",0.006131
"2018-05-29 09:28:00",0.006127
"2018-05-29 09:29:00",0.006134
"2018-05-29 09:30:00",0.006136
"2018-05-29 09:31:00",0.006135
"2018-05-29 09:32:00",0.006206
"2018-05-29 09:33:00",0.006205
"2018-05-29 09:34:00",0.006202
"2018-05-29 09:35:00",0.006199
"2018-05-29 09:36:00",0.006204
"2018-05-29 09:37:00",0.006203
"2018-05-29 09:38:00",0.006205
"2018-05-29 09:39:00",0.006203
"2018-05-29 09:40:00",0.006205
"2018-05-29 09:41:00",0.006208
"2018-05-29 09:42:00",0.006208
"2018-05-29 09:43:00",0.00621
"2018-05-29 09:44:00",0.006211
"2018-05-29 09:45:00",0.006211
"2018-05-29 09:46:00",0.006214
"2018-05-29 09:47:00",0.006213
"2018-05-29 09:48:00",0.006215
"2018-05-29 09:49:00",0.006214
"2018-05-29 09:50:00",0.006214
"2018-05-29 09:51:00",0.006214
"2018-05-29 09:52:00",0.006216
"2018-05-29 09:53:00",0.006216
"2018-05-29 09:54:00",0.006216
"2018-05-29 09:55:00",0.006215
"2018-05-29 09:56:00",0.006214
"2018-05-29 09:57:00",0.006215
"2018-05-29 09:58:00",0.006218
"2018-05-29 09:59:00",0.006218
"2018-05-29 10:00:00",0.006221
"2018-05-29 10:01:00",0.00622
"2018-05-29 10:02:00",0.006222
"2018-05-29 10:03:00",0.006224
"2018-05-29 10:04:00",0.006226
"2018-05-29 10:05:00",0.006226
"2018-05-29 10:06:00",0.006223
"2018-05-29 10:07:00",0.00622
"2018-05-29 10:08:00",0.006221
"2018-05-29 10:09:00",0.006223
"2018-05-29 10:10:00",0.006222
"2018-05-29 10:11:00",0.006222
"2018-05-29 10:12:00",0.00622
"2018-05-29 10:13:00",0.006214
"2018-05-29 10:14:00",0.006214
"2018-05-29 10:15:00",0.006213
"2018-05-29 10:16:00",0.006214
"2018-05-29 10:17:00",0.006216
"2018-05-29 10:18:00",0.00622
"2018-05-29 10:19:00",0.00622
"2018-05-29 10:20:00",0.006221
"2018-05-29 10:21:00",0.006223
"2018-05-29 10:22:00",0.006224
"2018-05-29 10:23:00",0.006227
"2018-05-29 10:24:00",0.00623
"2018-05-29 10:25:00",0.006247
"2018-05-29 10:26:00",0.006245
"2018-05-29 10:27:00",0.006236
"2018-05-29 10:28:00",0.006233
"2018-05-29 10:29:00",0.006234
"2018-05-29 10:30:00",0.006229
"2018-05-29 10:31:00",0.006227
"2018-05-29 10:32:00",0.006226
"2018-05-29 10:33:00",0.006225
"2018-05-29 10:34:00",0.006224
"2018-05-29 10:35:00",0.006225
"2018-05-29 10:36:00",0.006224
"2018-05-29 10:37:00",0.006226
"2018-05-29 10:38:00",0.006229
"2018-05-29 10:39:00",0.006229
"2018-05-29 10:40:00",0.006232
"2018-05-29 10:41:00",0.006242
"2018-05-29 10:42:00",0.006247
"2018-05-29 10:43:00",0.006249
"2018-05-29 10:44:00",0.006244
"2018-05-29 10:45:00",0.006241
"2018-05-29 10:46:00",0.006241
"2018-05-29 10:47:00",0.00624
"2018-05-29 10:48:00",0.006241
"2018-05-29 10:49:00",0.006241
"2018-05-29 10:50:00",0.006242
"2018-05-29 10:51:00",0.006246
"2018-05-29 10:52:00",0.006273
"2018-05-29 10:53:00",0.00626
"2018-05-29 10:54:00",0.006264
"2018-05-29 10:55:00",0.006262
"2018-05-29 10:56:00",0.006263
"2018-05-29 10:57:00",0.006258
"2018-05-29 10:58:00",0.006259
"2018-05-29 10:59:00",0.006265
"2018-05-29 11:00:00",0.006279
"2018-05-29 11:01:00",0.006345
"2018-05-29 11:02:00",0.006347
"2018-05-29 11:03:00",0.006336
"2018-05-29 11:04:00",0.006346
"2018-05-29 11:05:00",0.00635
"2018-05-29 11:06:00",0.006365
"2018-05-29 11:07:00",0.00637
"2018-05-29 11:08:00",0.006365
"2018-05-29 11:09:00",0.006355
"2018-05-29 11:10:00",0.006354
"2018-05-29 11:11:00",0.006361
"2018-05-29 11:12:00",0.006352
"2018-05-29 11:13:00",0.006353
"2018-05-29 11:14:00",0.006354
"2018-05-29 11:15:00",0.006354
"2018-05-29 11:16:00",0.006363
"2018-05-29 11:17:00",0.006357
"2018-05-29 11:18:00",0.006354
"2018-05-29 11:19:00",0.006352
"2018-05-29 11:20:00",0.006351
"2018-05-29 11:21:00",0.006362
"2018-05-29 11:22:00",0.006366
"2018-05-29 11:23:00",0.006369
"2018-05-29 11:24:00",0.006364
"2018-05-29 11:25:00",0.006363
"2018-05-29 11:26:00",0.006421
"2018-05-29 11:27:00",0.006466
"2018-05-29 11:28:00",0.006465
"2018-05-29 11:29:00",0.006455
"2018-05-29 11:30:00",0.006457
"2018-05-29 11:31:00",0.006467
"2018-05-29 11:32:00",0.006474
"2018-05-29 11:33:00",0.006509
"2018-05-29 11:34:00",0.006495
"2018-05-29 11:35:00",0.006485
"2018-05-29 11:36:00",0.006481
"2018-05-29 11:37:00",0.006472
"2018-05-29 11:38:00",0.006477
"2018-05-29 11:39:00",0.006477
"2018-05-29 11:40:00",0.006468
"2018-05-29 11:41:00",0.006473
"2018-05-29 11:42:00",0.006467
"2018-05-29 11:43:00",0.00646
"2018-05-29 11:44:00",0.006449
"2018-05-29 11:45:00",0.006446
"2018-05-29 11:46:00",0.00646
"2018-05-29 11:47:00",0.00646
"2018-05-29 11:48:00",0.006456
"2018-05-29 11:49:00",0.006468
"2018-05-29 11:50:00",0.006469
"2018-05-29 11:51:00",0.006469
"2018-05-29 11:52:00",0.006466
"2018-05-29 11:53:00",0.00646
"2018-05-29 11:54:00",0.006462
"2018-05-29 11:55:00",0.006452
"2018-05-29 11:56:00",0.006447
"2018-05-29 11:57:00",0.006447
"2018-05-29 11:58:00",0.006444
"2018-05-29 11:59:00",0.006447
"2018-05-29 12:00:00",0.006456
"2018-05-29 12:01:00",0.006469
"2018-05-29 12:02:00",0.006473
"2018-05-29 12:03:00",0.006476
"2018-05-29 12:04:00",0.00648
"2018-05-29 12:05:00",0.006479
"2018-05-29 12:06:00",0.006484
"2018-05-29 12:07:00",0.006482
"2018-05-29 12:08:00",0.006482
"2018-05-29 12:09:00",0.006478
"2018-05-29 12:10:00",0.006476
"2018-05-29 12:11:00",0.006466
"2018-05-29 12:12:00",0.006462
"2018-05-29 12:13:00",0.006461
"2018-05-29 12:14:00",0.006468
"2018-05-29 12:15:00",0.006464
"2018-05-29 12:16:00",0.006463
"2018-05-29 12:17:00",0.006455
"2018-05-29 12:18:00",0.006449
"2018-05-29 12:19:00",0.006449
"2018-05-29 12:20:00",0.006448
"2018-05-29 12:21:00",0.006451
"2018-05-29 12:22:00",0.00645
"2018-05-29 12:23:00",0.006452
"2018-05-29 12:24:00",0.006446
"2018-05-29 12:25:00",0.006442
"2018-05-29 12:26:00",0.006444
"2018-05-29 12:27:00",0.006446
"2018-05-29 12:28:00",0.006445
"2018-05-29 12:29:00",0.006445
"2018-05-29 12:30:00",0.006452
"2018-05-29 12:31:00",0.006453
"2018-05-29 12:32:00",0.006447
"2018-05-29 12:33:00",0.006444
"2018-05-29 12:34:00",0.006442
"2018-05-29 12:35:00",0.006442
"2018-05-29 12:36:00",0.006443
"2018-05-29 12:37:00",0.006439
"2018-05-29 12:38:00",0.006442
"2018-05-29 12:39:00",0.006445
"2018-05-29 12:40:00",0.006448
"2018-05-29 12:41:00",0.006449
"2018-05-29 12:42:00",0.006452
"2018-05-29 12:43:00",0.006455
"2018-05-29 12:44:00",0.006463
"2018-05-29 12:45:00",0.006459
"2018-05-29 12:46:00",0.006458
"2018-05-29 12:47:00",0.006603
"2018-05-29 12:48:00",0.006603
"2018-05-29 12:49:00",0.006602
"2018-05-29 12:50:00",0.006602
"2018-05-29 12:51:00",0.006607
"2018-05-29 12:52:00",0.006611
"2018-05-29 12:53:00",0.006606
"2018-05-29 12:54:00",0.006606
"2018-05-29 12:55:00",0.006607
"2018-05-29 12:56:00",0.006606
"2018-05-29 12:57:00",0.006606
"2018-05-29 12:58:00",0.006607
"2018-05-29 12:59:00",0.006606
"2018-05-29 13:00:00",0.006611
"2018-05-29 13:01:00",0.006613
"2018-05-29 13:02:00",0.006614
"2018-05-29 13:03:00",0.006614
"2018-05-29 13:04:00",0.00661
"2018-05-29 13:05:00",0.006613
"2018-05-29 13:06:00",0.006609
"2018-05-29 13:07:00",0.00661
"2018-05-29 13:08:00",0.006614
"2018-05-29 13:09:00",0.006613
"2018-05-29 13:10:00",0.00654
"2018-05-29 13:11:00",0.006547
"2018-05-29 13:12:00",0.006551
"2018-05-29 13:13:00",0.006552
"2018-05-29 13:14:00",0.006553
"2018-05-29 13:15:00",0.006554
"2018-05-29 13:16:00",0.006556
"2018-05-29 13:17:00",0.006552
"2018-05-29 13:18:00",0.00655
"2018-05-29 13:19:00",0.006553
"2018-05-29 13:20:00",0.006553
"2018-05-29 13:21:00",0.006575
"2018-05-29 13:22:00",0.006565
"2018-05-29 13:23:00",0.006572
"2018-05-29 13:24:00",0.006572
"2018-05-29 13:25:00",0.006577
"2018-05-29 13:26:00",0.00658
"2018-05-29 13:27:00",0.006575
"2018-05-29 13:28:00",0.006572
"2018-05-29 13:29:00",0.006572
"2018-05-29 13:30:00",0.006561
"2018-05-29 13:31:00",0.006558
"2018-05-29 13:32:00",0.00655
"2018-05-29 13:33:00",0.006553
"2018-05-29 13:34:00",0.00656
"2018-05-29 13:35:00",0.00656
"2018-05-29 13:36:00",0.006555
"2018-05-29 13:37:00",0.006556
"2018-05-29 13:38:00",0.00656
"2018-05-29 13:39:00",0.006557
"2018-05-29 13:40:00",0.006562
"2018-05-29 13:41:00",0.006557
"2018-05-29 13:42:00",0.006559
"2018-05-29 13:43:00",0.006551
"2018-05-29 13:44:00",0.006551
"2018-05-29 13:45:00",0.006551
"2018-05-29 13:46:00",0.006553
"2018-05-29 13:47:00",0.006554
"2018-05-29 13:48:00",0.006556
"2018-05-29 13:49:00",0.006564
"2018-05-29 13:50:00",0.006564
"2018-05-29 13:51:00",0.006564
"2018-05-29 13:52:00",0.006569
"2018-05-29 13:53:00",0.006562
"2018-05-29 13:54:00",0.006561
"2018-05-29 13:55:00",0.006562
"2018-05-29 13:56:00",0.006565
"2018-05-29 13:57:00",0.006568
"2018-05-29 13:58:00",0.006567
"2018-05-29 13:59:00",0.00657
"2018-05-29 14:00:00",0.006574
"2018-05-29 14:01:00",0.006575
"2018-05-29 14:02:00",0.006571
"2018-05-29 14:03:00",0.006573
"2018-05-29 14:04:00",0.00657
"2018-05-29 14:05:00",0.006565
"2018-05-29 14:06:00",0.006559
"2018-05-29 14:07:00",0.006552
"2018-05-29 14:08:00",0.006551
"2018-05-29 14:09:00",0.006546
"2018-05-29 14:10:00",0.006621
"2018-05-29 14:11:00",0.006621
"2018-05-29 14:12:00",0.006618
"2018-05-29 14:13:00",0.006617
"2018-05-29 14:14:00",0.006616
"2018-05-29 14:15:00",0.006616
"2018-05-29 14:16:00",0.006612
"2018-05-29 14:17:00",0.006603
"2018-05-29 14:18:00",0.006609
"2018-05-29 14:19:00",0.006616
"2018-05-29 14:20:00",0.006614
"2018-05-29 14:21:00",0.00661
"2018-05-29 14:22:00",0.006609
"2018-05-29 14:23:00",0.006608
"2018-05-29 14:24:00",0.006608
"2018-05-29 14:25:00",0.006612
"2018-05-29 14:26:00",0.006619
"2018-05-29 14:27:00",0.006617
"2018-05-29 14:28:00",0.006617
"2018-05-29 14:29:00",0.006611
"2018-05-29 14:30:00",0.006612
"2018-05-29 14:31:00",0.006614
"2018-05-29 14:32:00",0.006617
"2018-05-29 14:33:00",0.006619
"2018-05-29 14:34:00",0.006622
"2018-05-29 14:35:00",0.00662
"2018-05-29 14:36:00",0.006618
"2018-05-29 14:37:00",0.006619
"2018-05-29 14:38:00",0.006619
"2018-05-29 14:39:00",0.00662
"2018-05-29 14:40:00",0.00662
"2018-05-29 14:41:00",0.006619
"2018-05-29 14:42:00",0.006615
"2018-05-29 14:43:00",0.006616
"2018-05-29 14:44:00",0.006617
"2018-05-29 14:45:00",0.006619
"2018-05-29 14:46:00",0.006621
"2018-05-29 14:47:00",0.006622
"2018-05-29 14:48:00",0.006622
"2018-05-29 14:49:00",0.006624
"2018-05-29 14:50:00",0.006624
"2018-05-29 14:51:00",0.006625
"2018-05-29 14:52:00",0.006623
"2018-05-29 14:53:00",0.006622
"2018-05-29 14:54:00",0.006623
"2018-05-29 14:55:00",0.006622
"2018-05-29 14:56:00",0.006623
"2018-05-29 14:57:00",0.006622
"2018-05-29 14:58:00",0.006619
"2018-05-29 14:59:00",0.006618
"2018-05-29 15:00:00",0.006619
"2018-05-29 15:01:00",0.006618
"2018-05-29 15:02:00",0.006615
"2018-05-29 15:03:00",0.006614
"2018-05-29 15:04:00",0.006611
"2018-05-29 15:05:00",0.006612
"2018-05-29 15:06:00",0.006613
"2018-05-29 15:07:00",0.006614
"2018-05-29 15:08:00",0.006614
"2018-05-29 15:09:00",0.006615
"2018-05-29 15:10:00",0.006614
"2018-05-29 15:11:00",0.006612
"2018-05-29 15:12:00",0.006613
"2018-05-29 15:13:00",0.00661
"2018-05-29 15:14:00",0.006611
"2018-05-29 15:15:00",0.00661
"2018-05-29 15:16:00",0.006611
"2018-05-29 15:17:00",0.00661
"2018-05-29 15:18:00",0.006607
"2018-05-29 15:19:00",0.006607
"2018-05-29 15:20:00",0.006605
"2018-05-29 15:21:00",0.006603
"2018-05-29 15:22:00",0.006601
"2018-05-29 15:23:00",0.006601
"2018-05-29 15:24:00",0.006601
"2018-05-29 15:25:00",0.006601
"2018-05-29 15:26:00",0.006599
"2018-05-29 15:27:00",0.006595
"2018-05-29 15:28:00",0.006594
"2018-05-29 15:29:00",0.006601
"2018-05-29 15:30:00",0.006601
"2018-05-29 15:31:00",0.006603
"2018-05-29 15:32:00",0.006605
"2018-05-29 15:33:00",0.006605
"2018-05-29 15:34:00",0.006606
"2018-05-29 15:35:00",0.006607
"2018-05-29 15:36:00",0.006616
"2018-05-29 15:37:00",0.006617
"2018-05-29 15:38:00",0.006617
"2018-05-29 15:39:00",0.006621
"2018-05-29 15:40:00",0.006624
"2018-05-29 15:41:00",0.006621
"2018-05-29 15:42:00",0.00662
"2018-05-29 15:43:00",0.00662
"2018-05-29 15:44:00",0.006619
"2018-05-29 15:45:00",0.006619
"2018-05-29 15:46:00",0.006622
"2018-05-29 15:47:00",0.006622
"2018-05-29 15:48:00",0.006623
"2018-05-29 15:49:00",0.006626
"2018-05-29 15:50:00",0.006626
"2018-05-29 15:51:00",0.006624
"2018-05-29 15:52:00",0.006625
"2018-05-29 15:53:00",0.006625
"2018-05-29 15:54:00",0.006625
"2018-05-29 15:55:00",0.006626
"2018-05-29 15:56:00",0.006626
"2018-05-29 15:57:00",0.006625
"2018-05-29 15:58:00",0.006625
"2018-05-29 15:59:00",0.006622
"2018-05-29 16:00:00",0.00662
"2018-05-29 16:01:00",0.00662
"2018-05-29 16:02:00",0.00662
"2018-05-29 16:03:00",0.006624
"2018-05-29 16:04:00",0.006624
"2018-05-29 16:05:00",0.006625
"2018-05-29 16:06:00",0.006624
"2018-05-29 16:07:00",0.006625
"2018-05-29 16:08:00",0.006629
"2018-05-29 16:09:00",0.006633
"2018-05-29 16:10:00",0.006639
"2018-05-29 16:11:00",0.006632
"2018-05-29 16:12:00",0.006628
"2018-05-29 16:13:00",0.006621
"2018-05-29 16:14:00",0.006624
"2018-05-29 16:15:00",0.006625
"2018-05-29 16:16:00",0.006621
"2018-05-29 16:17:00",0.00662
"2018-05-29 16:18:00",0.006617
"2018-05-29 16:19:00",0.006615
"2018-05-29 16:20:00",0.006618
"2018-05-29 16:21:00",0.006617
"2018-05-29 16:22:00",0.006617
"2018-05-29 16:23:00",0.006615
"2018-05-29 16:24:00",0.006615
"2018-05-29 16:25:00",0.006615
"2018-05-29 16:26:00",0.006614
"2018-05-29 16:27:00",0.006612
"2018-05-29 16:28:00",0.006613
"2018-05-29 16:29:00",0.006613
"2018-05-29 16:30:00",0.006616
"2018-05-29 16:31:00",0.006616
"2018-05-29 16:32:00",0.006616
"2018-05-29 16:33:00",0.006613
"2018-05-29 16:34:00",0.006612
"2018-05-29 16:35:00",0.006613
"2018-05-29 16:36:00",0.006613
"2018-05-29 16:37:00",0.006617
"2018-05-29 16:38:00",0.006617
"2018-05-29 16:39:00",0.006616
"2018-05-29 16:40:00",0.006616
"2018-05-29 16:41:00",0.006616
"2018-05-29 16:42:00",0.006616
"2018-05-29 16:43:00",0.006616
"2018-05-29 16:44:00",0.006616
"2018-05-29 16:45:00",0.006616
"2018-05-29 16:46:00",0.006616
"2018-05-29 16:47:00",0.006616
"2018-05-29 16:48:00",0.006616
"2018-05-29 16:49:00",0.006616
"2018-05-29 16:50:00",0.006619
"2018-05-29 16:51:00",0.006616
"2018-05-29 16:52:00",0.006616
"2018-05-29 16:53:00",0.006617
"2018-05-29 16:54:00",0.006622
"2018-05-29 16:55:00",0.006628
"2018-05-29 16:56:00",0.006628
"2018-05-29 16:57:00",0.006629
"2018-05-29 16:58:00",0.006629
"2018-05-29 16:59:00",0.00662
"2018-05-29 17:00:00",0.006619
"2018-05-29 17:01:00",0.006614
"2018-05-29 17:02:00",0.006611
"2018-05-29 17:03:00",0.006611
"2018-05-29 17:04:00",0.006612
"2018-05-29 17:05:00",0.006613
"2018-05-29 17:06:00",0.006615
"2018-05-29 17:07:00",0.006609
"2018-05-29 17:08:00",0.00661
"2018-05-29 17:09:00",0.006607
"2018-05-29 17:10:00",0.006613
"2018-05-29 17:11:00",0.006614
"2018-05-29 17:12:00",0.006616
"2018-05-29 17:13:00",0.006764
"2018-05-29 17:14:00",0.00669
"2018-05-29 17:15:00",0.006694
"2018-05-29 17:16:00",0.006693
"2018-05-29 17:17:00",0.006693
"2018-05-29 17:18:00",0.006694
"2018-05-29 17:19:00",0.006694
"2018-05-29 17:20:00",0.006695
"2018-05-29 17:21:00",0.006694
"2018-05-29 17:22:00",0.00669
"2018-05-29 17:23:00",0.006691
"2018-05-29 17:24:00",0.00669
"2018-05-29 17:25:00",0.006692
"2018-05-29 17:26:00",0.006692
"2018-05-29 17:27:00",0.006694
"2018-05-29 17:28:00",0.006694
"2018-05-29 17:29:00",0.006698
"2018-05-29 17:30:00",0.006699
"2018-05-29 17:31:00",0.006697
"2018-05-29 17:32:00",0.006697
"2018-05-29 17:33:00",0.006694
"2018-05-29 17:34:00",0.006696
"2018-05-29 17:35:00",0.006696
"2018-05-29 17:36:00",0.0067
"2018-05-29 17:37:00",0.006701
"2018-05-29 17:38:00",0.006696
"2018-05-29 17:39:00",0.006695
"2018-05-29 17:40:00",0.006696
"2018-05-29 17:41:00",0.006698
"2018-05-29 17:42:00",0.006699
"2018-05-29 17:43:00",0.006772
"2018-05-29 17:44:00",0.006771
"2018-05-29 17:45:00",0.006771
"2018-05-29 17:46:00",0.006774
"2018-05-29 17:47:00",0.00685
"2018-05-29 17:48:00",0.006927
"2018-05-29 17:49:00",0.007002
"2018-05-29 17:50:00",0.007003
"2018-05-29 17:51:00",0.007002
"2018-05-29 17:52:00",0.007003
"2018-05-29 17:53:00",0.007003
"2018-05-29 17:54:00",0.007004
"2018-05-29 17:55:00",0.007003
"2018-05-29 17:56:00",0.00693
"2018-05-29 17:57:00",0.006936
"2018-05-29 17:58:00",0.006978
"2018-05-29 17:59:00",0.006917
"2018-05-29 18:00:00",0.006909
"2018-05-29 18:01:00",0.006902
"2018-05-29 18:02:00",0.006895
"2018-05-29 18:03:00",0.006826
"2018-05-29 18:04:00",0.006823
"2018-05-29 18:05:00",0.006821
"2018-05-29 18:06:00",0.00682
"2018-05-29 18:07:00",0.006819
"2018-05-29 18:08:00",0.006818
"2018-05-29 18:09:00",0.00682
"2018-05-29 18:10:00",0.00683
"2018-05-29 18:11:00",0.006831
"2018-05-29 18:12:00",0.006854
"2018-05-29 18:13:00",0.006841
"2018-05-29 18:14:00",0.006834
"2018-05-29 18:15:00",0.006833
"2018-05-29 18:16:00",0.006832
"2018-05-29 18:17:00",0.006831
"2018-05-29 18:18:00",0.00683
"2018-05-29 18:19:00",0.006829
"2018-05-29 18:20:00",0.006832
"2018-05-29 18:21:00",0.00683
"2018-05-29 18:22:00",0.00684
"2018-05-29 18:23:00",0.006841
"2018-05-29 18:24:00",0.00684
"2018-05-29 18:25:00",0.006845
"2018-05-29 18:26:00",0.006842
"2018-05-29 18:27:00",0.006842
"2018-05-29 18:28:00",0.006842
"2018-05-29 18:29:00",0.006838
"2018-05-29 18:30:00",0.006833
"2018-05-29 18:31:00",0.00682
"2018-05-29 18:32:00",0.006827
"2018-05-29 18:33:00",0.006827
"2018-05-29 18:34:00",0.006828
"2018-05-29 18:35:00",0.006831
"2018-05-29 18:36:00",0.006834
"2018-05-29 18:37:00",0.006832
"2018-05-29 18:38:00",0.006834
"2018-05-29 18:39:00",0.006909
"2018-05-29 18:40:00",0.006908
"2018-05-29 18:41:00",0.0069
"2018-05-29 18:42:00",0.006898
"2018-05-29 18:43:00",0.006899
"2018-05-29 18:44:00",0.006897
"2018-05-29 18:45:00",0.006897
"2018-05-29 18:46:00",0.006897
"2018-05-29 18:47:00",0.006899
"2018-05-29 18:48:00",0.006901
"2018-05-29 18:49:00",0.0069
"2018-05-29 18:50:00",0.006901
"2018-05-29 18:51:00",0.006892
"2018-05-29 18:52:00",0.006877
"2018-05-29 18:53:00",0.006858
"2018-05-29 18:54:00",0.007019
"2018-05-29 18:55:00",0.007023
"2018-05-29 18:56:00",0.007023
"2018-05-29 18:57:00",0.007021
"2018-05-29 18:58:00",0.007017
"2018-05-29 18:59:00",0.007018
"2018-05-29 19:00:00",0.007027
"2018-05-29 19:01:00",0.007021
"2018-05-29 19:02:00",0.007021
"2018-05-29 19:03:00",0.007023
"2018-05-29 19:04:00",0.007024
"2018-05-29 19:05:00",0.007023
"2018-05-29 19:06:00",0.007024
"2018-05-29 19:07:00",0.007025
"2018-05-29 19:08:00",0.007026
"2018-05-29 19:09:00",0.007025
"2018-05-29 19:10:00",0.007026
"2018-05-29 19:11:00",0.007025
"2018-05-29 19:12:00",0.007028
"2018-05-29 19:13:00",0.007031
"2018-05-29 19:14:00",0.007032
"2018-05-29 19:15:00",0.007033
"2018-05-29 19:16:00",0.007033
"2018-05-29 19:17:00",0.00703
"2018-05-29 19:18:00",0.007029
"2018-05-29 19:19:00",0.007023
"2018-05-29 19:20:00",0.007024
"2018-05-29 19:21:00",0.007026
"2018-05-29 19:22:00",0.007023
"2018-05-29 19:23:00",0.007022
"2018-05-29 19:24:00",0.007015
"2018-05-29 19:25:00",0.007017
"2018-05-29 19:26:00",0.007017
"2018-05-29 19:27:00",0.007021
"2018-05-29 19:28:00",0.007027
"2018-05-29 19:29:00",0.007027
"2018-05-29 19:30:00",0.00703
"2018-05-29 19:31:00",0.007027
"2018-05-29 19:32:00",0.007027
"2018-05-29 19:33:00",0.00703
"2018-05-29 19:34:00",0.007029
"2018-05-29 19:35:00",0.007029
"2018-05-29 19:36:00",0.007031
"2018-05-29 19:37:00",0.006955
"2018-05-29 19:38:00",0.006954
"2018-05-29 19:39:00",0.006951
"2018-05-29 19:40:00",0.006951
"2018-05-29 19:41:00",0.0071
"2018-05-29 19:42:00",0.007099
"2018-05-29 19:43:00",0.0071
"2018-05-29 19:44:00",0.007099
"2018-05-29 19:45:00",0.007099
"2018-05-29 19:46:00",0.007253
"2018-05-29 19:47:00",0.007329
"2018-05-29 19:48:00",0.007329
"2018-05-29 19:49:00",0.00733
"2018-05-29 19:50:00",0.007331
"2018-05-29 19:51:00",0.00733
"2018-05-29 19:52:00",0.007331
"2018-05-29 19:53:00",0.007331
"2018-05-29 19:54:00",0.007332
"2018-05-29 19:55:00",0.007333
"2018-05-29 19:56:00",0.007331
"2018-05-29 19:57:00",0.00733
"2018-05-29 19:58:00",0.007331
"2018-05-29 19:59:00",0.007332
"2018-05-29 20:00:00",0.007332
"2018-05-29 20:01:00",0.007328
"2018-05-29 20:02:00",0.007327
"2018-05-29 20:03:00",0.007327
"2018-05-29 20:04:00",0.007327
"2018-05-29 20:05:00",0.007328
"2018-05-29 20:06:00",0.007327
"2018-05-29 20:07:00",0.007328
"2018-05-29 20:08:00",0.007329
"2018-05-29 20:09:00",0.007333
"2018-05-29 20:10:00",0.007035
"2018-05-29 20:11:00",0.007036
"2018-05-29 20:12:00",0.007055
"2018-05-29 20:13:00",0.007054
"2018-05-29 20:14:00",0.007049
"2018-05-29 20:15:00",0.007047
"2018-05-29 20:16:00",0.007051
"2018-05-29 20:17:00",0.007052
"2018-05-29 20:18:00",0.007504
"2018-05-29 20:19:00",0.007502
"2018-05-29 20:20:00",0.007504
"2018-05-29 20:21:00",0.007504
"2018-05-29 20:22:00",0.007503
"2018-05-29 20:23:00",0.007503
"2018-05-29 20:24:00",0.007506
"2018-05-29 20:25:00",0.007505
"2018-05-29 20:26:00",0.007505
"2018-05-29 20:27:00",0.007504
"2018-05-29 20:28:00",0.007505
"2018-05-29 20:29:00",0.007506
"2018-05-29 20:30:00",0.00751
"2018-05-29 20:31:00",0.007511
"2018-05-29 20:32:00",0.007512
"2018-05-29 20:33:00",0.00752
"2018-05-29 20:34:00",0.007529
"2018-05-29 20:35:00",0.007528
"2018-05-29 20:36:00",0.007529
"2018-05-29 20:37:00",0.007525
"2018-05-29 20:38:00",0.007527
"2018-05-29 20:39:00",0.00753
"2018-05-29 20:40:00",0.007524
"2018-05-29 20:41:00",0.007518
"2018-05-29 20:42:00",0.007509
"2018-05-29 20:43:00",0.007508
"2018-05-29 20:44:00",0.007432
"2018-05-29 20:45:00",0.00743
"2018-05-29 20:46:00",0.007426
"2018-05-29 20:47:00",0.007426
"2018-05-29 20:48:00",0.007421
"2018-05-29 20:49:00",0.007421
"2018-05-29 20:50:00",0.007419
"2018-05-29 20:51:00",0.00742
"2018-05-29 20:52:00",0.00742
"2018-05-29 20:53:00",0.007422
"2018-05-29 20:54:00",0.007431
"2018-05-29 20:55:00",0.007429
"2018-05-29 20:56:00",0.007431
"2018-05-29 20:57:00",0.007432
"2018-05-29 20:58:00",0.007436
"2018-05-29 20:59:00",0.007435
"2018-05-29 21:00:00",0.007442
"2018-05-29 21:01:00",0.007443
"2018-05-29 21:02:00",0.00744
"2018-05-29 21:03:00",0.007441
"2018-05-29 21:04:00",0.007439
"2018-05-29 21:05:00",0.007438
"2018-05-29 21:06:00",0.007436
"2018-05-29 21:07:00",0.009012
"2018-05-29 21:08:00",0.008711
"2018-05-29 21:09:00",0.008711
"2018-05-29 21:10:00",0.008712
"2018-05-29 21:11:00",0.008711
"2018-05-29 21:12:00",0.008702
"2018-05-29 21:13:00",0.008702
"2018-05-29 21:14:00",0.008702
"2018-05-29 21:15:00",0.008701
"2018-05-29 21:16:00",0.008704
"2018-05-29 21:17:00",0.008704
"2018-05-29 21:18:00",0.007802
"2018-05-29 21:19:00",0.008771
"2018-05-29 21:20:00",0.008769
"2018-05-29 21:21:00",0.008768
"2018-05-29 21:22:00",0.00877
"2018-05-29 21:23:00",0.008771
"2018-05-29 21:24:00",0.008775
"2018-05-29 21:25:00",0.008773
"2018-05-29 21:26:00",0.008773
"2018-05-29 21:27:00",0.008775
"2018-05-29 21:28:00",0.008777
"2018-05-29 21:29:00",0.008779
"2018-05-29 21:30:00",0.00825
"2018-05-29 21:31:00",0.008254
"2018-05-29 21:32:00",0.008255
"2018-05-29 21:33:00",0.008255
"2018-05-29 21:34:00",0.008257
"2018-05-29 21:35:00",0.00833
"2018-05-29 21:36:00",0.008331
"2018-05-29 21:37:00",0.008333
"2018-05-29 21:38:00",0.008332
"2018-05-29 21:39:00",0.007581
"2018-05-29 21:40:00",0.007579
"2018-05-29 21:41:00",0.00758
"2018-05-29 21:42:00",0.007582
"2018-05-29 21:43:00",0.007586
"2018-05-29 21:44:00",0.008338
"2018-05-29 21:45:00",0.008336
"2018-05-29 21:46:00",0.008335
"2018-05-29 21:47:00",0.008331
"2018-05-29 21:48:00",0.008333
"2018-05-29 21:49:00",0.008332
"2018-05-29 21:50:00",0.008332
"2018-05-29 21:51:00",0.00833
"2018-05-29 21:52:00",0.008332
"2018-05-29 21:53:00",0.008332
"2018-05-29 21:54:00",0.008331
"2018-05-29 21:55:00",0.008331
"2018-05-29 21:56:00",0.008329
"2018-05-29 21:57:00",0.008329
"2018-05-29 21:58:00",0.008332
"2018-05-29 21:59:00",0.008331
"2018-05-29 22:00:00",0.008332
"2018-05-29 22:01:00",0.008332
"2018-05-29 22:02:00",0.008332
"2018-05-29 22:03:00",0.00833
"2018-05-29 22:04:00",0.00833
"2018-05-29 22:05:00",0.008328
"2018-05-29 22:06:00",0.008326
"2018-05-29 22:07:00",0.008329
"2018-05-29 22:08:00",0.008332
"2018-05-29 22:09:00",0.008333
"2018-05-29 22:10:00",0.00833
"2018-05-29 22:11:00",0.00833
"2018-05-29 22:12:00",0.008329
"2018-05-29 22:13:00",0.00832
"2018-05-29 22:14:00",0.00832
"2018-05-29 22:15:00",0.008308
"2018-05-29 22:16:00",0.008297
"2018-05-29 22:17:00",0.008296
"2018-05-29 22:18:00",0.008281
"2018-05-29 22:19:00",0.008278
"2018-05-29 22:20:00",0.008291
"2018-05-29 22:21:00",0.008291
"2018-05-29 22:22:00",0.008285
"2018-05-29 22:23:00",0.008287
"2018-05-29 22:24:00",0.00829
"2018-05-29 22:25:00",0.008294
"2018-05-29 22:26:00",0.008295
"2018-05-29 22:27:00",0.008295
"2018-05-29 22:28:00",0.008298
"2018-05-29 22:29:00",0.008298
"2018-05-29 22:30:00",0.008296
"2018-05-29 22:31:00",0.008295
"2018-05-29 22:32:00",0.008297
"2018-05-29 22:33:00",0.008298
"2018-05-29 22:34:00",0.008298
"2018-05-29 22:35:00",0.0083
"2018-05-29 22:36:00",0.008299
"2018-05-29 22:37:00",0.008301
"2018-05-29 22:38:00",0.008296
"2018-05-29 22:39:00",0.008296
"2018-05-29 22:40:00",0.008296
"2018-05-29 22:41:00",0.008293
"2018-05-29 22:42:00",0.008221
"2018-05-29 22:43:00",0.008221
"2018-05-29 22:44:00",0.008222
"2018-05-29 22:45:00",0.008218
"2018-05-29 22:46:00",0.008218
"2018-05-29 22:47:00",0.008215
"2018-05-29 22:48:00",0.0082
"2018-05-29 22:49:00",0.008198
"2018-05-29 22:50:00",0.0082
"2018-05-29 22:51:00",0.008168
"2018-05-29 22:52:00",0.008176
"2018-05-29 22:53:00",0.008179
"2018-05-29 22:54:00",0.008181
"2018-05-29 22:55:00",0.008185
"2018-05-29 22:56:00",0.008171
"2018-05-29 22:57:00",0.008186
"2018-05-29 22:58:00",0.008185
"2018-05-29 22:59:00",0.008183
"2018-05-29 23:00:00",0.008182
"2018-05-29 23:01:00",0.008181
"2018-05-29 23:02:00",0.008181
"2018-05-29 23:03:00",0.008181
"2018-05-29 23:04:00",0.008173
"2018-05-29 23:05:00",0.008175
"2018-05-29 23:06:00",0.008176
"2018-05-29 23:07:00",0.008179
"2018-05-29 23:08:00",0.008182
"2018-05-29 23:09:00",0.008181
"2018-05-29 23:10:00",0.008197
"2018-05-29 23:11:00",0.008202
"2018-05-29 23:12:00",0.008204
"2018-05-29 23:13:00",0.008204
"2018-05-29 23:14:00",0.008205
"2018-05-29 23:15:00",0.008213
"2018-05-29 23:16:00",0.008212
"2018-05-29 23:17:00",0.008209
"2018-05-29 23:18:00",0.008215
"2018-05-29 23:19:00",0.008211
"2018-05-29 23:20:00",0.008212
"2018-05-29 23:21:00",0.008209
"2018-05-29 23:22:00",0.00821
"2018-05-29 23:23:00",0.00821
"2018-05-29 23:24:00",0.008211
"2018-05-29 23:25:00",0.008211
"2018-05-29 23:26:00",0.008211
"2018-05-29 23:27:00",0.008229
"2018-05-29 23:28:00",0.008222
"2018-05-29 23:29:00",0.008225
"2018-05-29 23:30:00",0.008373
"2018-05-29 23:31:00",0.008224
"2018-05-29 23:32:00",0.008223
"2018-05-29 23:33:00",0.008226
"2018-05-29 23:34:00",0.008224
"2018-05-29 23:35:00",0.008374
"2018-05-29 23:36:00",0.008373
"2018-05-29 23:37:00",0.008374
"2018-05-29 23:38:00",0.008371
"2018-05-29 23:39:00",0.008358
"2018-05-29 23:40:00",0.008359
"2018-05-29 23:41:00",0.008356
"2018-05-29 23:42:00",0.008354
"2018-05-29 23:43:00",0.008357
"2018-05-29 23:44:00",0.008359
"2018-05-29 23:45:00",0.008355
"2018-05-29 23:46:00",0.008355
"2018-05-29 23:47:00",0.008355
"2018-05-29 23:48:00",0.008354
"2018-05-29 23:49:00",0.008359
"2018-05-29 23:50:00",0.008354
"2018-05-29 23:51:00",0.008356
"2018-05-29 23:52:00",0.00836
"2018-05-29 23:53:00",0.008359
"2018-05-29 23:54:00",0.008365
"2018-05-29 23:55:00",0.008364
"2018-05-29 23:56:00",0.008365
"2018-05-29 23:57:00",0.008365
"2018-05-29 23:58:00",0.008364
"2018-05-29 23:59:00",0.008372
"2018-05-30 00:00:00",0.00837
"2018-05-30 00:01:00",0.008373
"2018-05-30 00:02:00",0.008372
"2018-05-30 00:03:00",0.008375
"2018-05-30 00:04:00",0.008376
"2018-05-30 00:05:00",0.008376
"2018-05-30 00:06:00",0.008376
"2018-05-30 00:07:00",0.008363
"2018-05-30 00:08:00",0.008364
"2018-05-30 00:09:00",0.008361
"2018-05-30 00:10:00",0.008359
"2018-05-30 00:11:00",0.008359
"2018-05-30 00:12:00",0.008356
"2018-05-30 00:13:00",0.008353
"2018-05-30 00:14:00",0.008354
"2018-05-30 00:15:00",0.008355
"2018-05-30 00:16:00",0.008355
"2018-05-30 00:17:00",0.008357
"2018-05-30 00:18:00",0.008362
"2018-05-30 00:19:00",0.008364
"2018-05-30 00:20:00",0.008366
"2018-05-30 00:21:00",0.008369
"2018-05-30 00:22:00",0.008368
"2018-05-30 00:23:00",0.008369
"2018-05-30 00:24:00",0.008368
"2018-05-30 00:25:00",0.008373
"2018-05-30 00:26:00",0.008373
"2018-05-30 00:27:00",0.008371
"2018-05-30 00:28:00",0.008371
"2018-05-30 00:29:00",0.008373
"2018-05-30 00:30:00",0.008373
"2018-05-30 00:31:00",0.008377
"2018-05-30 00:32:00",0.008379
"2018-05-30 00:33:00",0.008382
"2018-05-30 00:34:00",0.008534
"2018-05-30 00:35:00",0.008538
"2018-05-30 00:36:00",0.008541
"2018-05-30 00:37:00",0.008548
"2018-05-30 00:38:00",0.008553
"2018-05-30 00:39:00",0.008556
"2018-05-30 00:40:00",0.00856
"2018-05-30 00:41:00",0.008555
"2018-05-30 00:42:00",0.008553
"2018-05-30 00:43:00",0.008552
"2018-05-30 00:44:00",0.008548
"2018-05-30 00:45:00",0.008549
"2018-05-30 00:46:00",0.008548
"2018-05-30 00:47:00",0.008546
"2018-05-30 00:48:00",0.008548
"2018-05-30 00:49:00",0.008548
"2018-05-30 00:50:00",0.00855
"2018-05-30 00:51:00",0.008549
"2018-05-30 00:52:00",0.008559
"2018-05-30 00:53:00",0.008562
"2018-05-30 00:54:00",0.008572
"2018-05-30 00:55:00",0.008573
"2018-05-30 00:56:00",0.008557
"2018-05-30 00:57:00",0.008559
"2018-05-30 00:58:00",0.008556
"2018-05-30 00:59:00",0.008553
"2018-05-30 01:00:00",0.00856
"2018-05-30 01:01:00",0.008562
"2018-05-30 01:02:00",0.008562
"2018-05-30 01:03:00",0.008558
"2018-05-30 01:04:00",0.00856
"2018-05-30 01:05:00",0.008559
"2018-05-30 01:06:00",0.008559
"2018-05-30 01:07:00",0.008561
"2018-05-30 01:08:00",0.008566
"2018-05-30 01:09:00",0.008568
"2018-05-30 01:10:00",0.008576
"2018-05-30 01:11:00",0.008571
"2018-05-30 01:12:00",0.008578
"2018-05-30 01:13:00",0.008582
"2018-05-30 01:14:00",0.008581
"2018-05-30 01:15:00",0.008584
"2018-05-30 01:16:00",0.008588
"2018-05-30 01:17:00",0.008604
"2018-05-30 01:18:00",0.008614
"2018-05-30 01:19:00",0.00862
"2018-05-30 01:20:00",0.00861
"2018-05-30 01:21:00",0.00861
"2018-05-30 01:22:00",0.008609
"2018-05-30 01:23:00",0.008615
"2018-05-30 01:24:00",0.008611
"2018-05-30 01:25:00",0.008611
"2018-05-30 01:26:00",0.008606
"2018-05-30 01:27:00",0.008595
"2018-05-30 01:28:00",0.008595
"2018-05-30 01:29:00",0.008599
"2018-05-30 01:30:00",0.008602
"2018-05-30 01:31:00",0.008602
"2018-05-30 01:32:00",0.008602
"2018-05-30 01:33:00",0.008602
"2018-05-30 01:34:00",0.008602
"2018-05-30 01:35:00",0.008603
"2018-05-30 01:36:00",0.008604
"2018-05-30 01:37:00",0.008604
"2018-05-30 01:38:00",0.008607
"2018-05-30 01:39:00",0.008606
"2018-05-30 01:40:00",0.008605
"2018-05-30 01:41:00",0.008609
"2018-05-30 01:42:00",0.00861
"2018-05-30 01:43:00",0.00861
"2018-05-30 01:44:00",0.008616
"2018-05-30 01:45:00",0.008625
"2018-05-30 01:46:00",0.008628
"2018-05-30 01:47:00",0.008618
"2018-05-30 01:48:00",0.008618
"2018-05-30 01:49:00",0.008609
"2018-05-30 01:50:00",0.00861
"2018-05-30 01:51:00",0.008607
"2018-05-30 01:52:00",0.008596
"2018-05-30 01:53:00",0.008582
"2018-05-30 01:54:00",0.008581
"2018-05-30 01:55:00",0.008582
"2018-05-30 01:56:00",0.00859
"2018-05-30 01:57:00",0.008589
"2018-05-30 01:58:00",0.008582
"2018-05-30 01:59:00",0.00858
"2018-05-30 02:00:00",0.008579
"2018-05-30 02:01:00",0.008576
"2018-05-30 02:02:00",0.008577
"2018-05-30 02:03:00",0.008583
"2018-05-30 02:04:00",0.008583
"2018-05-30 02:05:00",0.008586
"2018-05-30 02:06:00",0.00859
"2018-05-30 02:07:00",0.008594
"2018-05-30 02:08:00",0.008592
"2018-05-30 02:09:00",0.00859
"2018-05-30 02:10:00",0.008591
"2018-05-30 02:11:00",0.008591
"2018-05-30 02:12:00",0.008588
"2018-05-30 02:13:00",0.008586
"2018-05-30 02:14:00",0.008588
"2018-05-30 02:15:00",0.008588
"2018-05-30 02:16:00",0.00858
"2018-05-30 02:17:00",0.008583
"2018-05-30 02:18:00",0.008584
"2018-05-30 02:19:00",0.008583
"2018-05-30 02:20:00",0.008588
"2018-05-30 02:21:00",0.00859
"2018-05-30 02:22:00",0.008587
"2018-05-30 02:23:00",0.008585
"2018-05-30 02:24:00",0.008591
"2018-05-30 02:25:00",0.008598
"2018-05-30 02:26:00",0.008597
"2018-05-30 02:27:00",0.008592
"2018-05-30 02:28:00",0.008593
"2018-05-30 02:29:00",0.00859
"2018-05-30 02:30:00",0.008586
"2018-05-30 02:31:00",0.008585
"2018-05-30 02:32:00",0.008581
"2018-05-30 02:33:00",0.00858
"2018-05-30 02:34:00",0.008582
"2018-05-30 02:35:00",0.008586
"2018-05-30 02:36:00",0.008586
"2018-05-30 02:37:00",0.008589
"2018-05-30 02:38:00",0.008597
"2018-05-30 02:39:00",0.008599
"2018-05-30 02:40:00",0.008596
"2018-05-30 02:41:00",0.008597
"2018-05-30 02:42:00",0.008597
"2018-05-30 02:43:00",0.008594
"2018-05-30 02:44:00",0.008598
"2018-05-30 02:45:00",0.008598
"2018-05-30 02:46:00",0.008607
"2018-05-30 02:47:00",0.008613
"2018-05-30 02:48:00",0.008608
"2018-05-30 02:49:00",0.008612
"2018-05-30 02:50:00",0.008614
"2018-05-30 02:51:00",0.008601
"2018-05-30 02:52:00",0.008518
"2018-05-30 02:53:00",0.008516
"2018-05-30 02:54:00",0.008514
"2018-05-30 02:55:00",0.008508
"2018-05-30 02:56:00",0.008498
"2018-05-30 02:57:00",0.008496
"2018-05-30 02:58:00",0.008499
"2018-05-30 02:59:00",0.008501
"2018-05-30 03:00:00",0.008494
"2018-05-30 03:01:00",0.007967
"2018-05-30 03:02:00",0.007966
"2018-05-30 03:03:00",0.007966
"2018-05-30 03:04:00",0.00796
"2018-05-30 03:05:00",0.007958
"2018-05-30 03:06:00",0.007954
"2018-05-30 03:07:00",0.007959
"2018-05-30 03:08:00",0.007962
"2018-05-30 03:09:00",0.007963
"2018-05-30 03:10:00",0.007961
"2018-05-30 03:11:00",0.007963
"2018-05-30 03:12:00",0.007965
"2018-05-30 03:13:00",0.007969
"2018-05-30 03:14:00",0.007971
"2018-05-30 03:15:00",0.007972
"2018-05-30 03:16:00",0.007971
"2018-05-30 03:17:00",0.007967
"2018-05-30 03:18:00",0.007969
"2018-05-30 03:19:00",0.007967
"2018-05-30 03:20:00",0.007967
"2018-05-30 03:21:00",0.007965
"2018-05-30 03:22:00",0.007964
"2018-05-30 03:23:00",0.007961
"2018-05-30 03:24:00",0.007958
"2018-05-30 03:25:00",0.007959
"2018-05-30 03:26:00",0.007951
"2018-05-30 03:27:00",0.007947
"2018-05-30 03:28:00",0.007942
"2018-05-30 03:29:00",0.007947
"2018-05-30 03:30:00",0.007958
"2018-05-30 03:31:00",0.007958
"2018-05-30 03:32:00",0.007958
"2018-05-30 03:33:00",0.007957
"2018-05-30 03:34:00",0.007957
"2018-05-30 03:35:00",0.007955
"2018-05-30 03:36:00",0.007958
"2018-05-30 03:37:00",0.007879
"2018-05-30 03:38:00",0.007878
"2018-05-30 03:39:00",0.007877
"2018-05-30 03:40:00",0.007877
"2018-05-30 03:41:00",0.007879
"2018-05-30 03:42:00",0.007875
"2018-05-30 03:43:00",0.007872
"2018-05-30 03:44:00",0.007874
"2018-05-30 03:45:00",0.007871
"2018-05-30 03:46:00",0.007872
"2018-05-30 03:47:00",0.007872
"2018-05-30 03:48:00",0.007872
"2018-05-30 03:49:00",0.007872
"2018-05-30 03:50:00",0.00787
"2018-05-30 03:51:00",0.00787
"2018-05-30 03:52:00",0.007871
"2018-05-30 03:53:00",0.007868
"2018-05-30 03:54:00",0.007869
"2018-05-30 03:55:00",0.007874
"2018-05-30 03:56:00",0.007878
"2018-05-30 03:57:00",0.00788
"2018-05-30 03:58:00",0.007878
"2018-05-30 03:59:00",0.007878
"2018-05-30 04:00:00",0.007879
"2018-05-30 04:01:00",0.007879
"2018-05-30 04:02:00",0.007881
"2018-05-30 04:03:00",0.007885
"2018-05-30 04:04:00",0.007883
"2018-05-30 04:05:00",0.007885
"2018-05-30 04:06:00",0.007885
"2018-05-30 04:07:00",0.007892
"2018-05-30 04:08:00",0.007892
